age,employment,income,location,has_medical_aid,heard_of_nmc,nmc_products_known,nmc_impression,knows_cost,why_no_medical_aid,likelihood_to_sign_up,what_would_make_sign_up,willingness_to_pay,benefits_wanted,open_text,sentiment
25-30,Employed full-time,"N$10,000 - N$25,000",Khomas Region,Yes,Yes,Jade,Somewhat positive,I have heard figures but I am not sure,Other,1.0,Lower monthly cost;A better understanding of the benefits,"N$500 - N$1,000",Doctor visits;Hospitalisation;Optical;Maternity cover;Mental health support,Because of lack of funds and lack of understanding of the types of packages ,Neutral
25-30,Employed full-time,"N$5,000 - N$10,000",Khomas Region,Yes,Yes,Ruby,Somewhat positive,"Yes, I have a good idea",Other,,Other,I would not pay for it at all,Doctor visits;Chronic medication;Dental,It’s not affordable ,Neutral
31-35,Employed full-time,"Above N$20,000",Khomas Region,Yes,Yes,Topaz;Topaz Plus;Emerald;Amber;Opal;Jade;Ruby;Emerald Plus;Amber Plus,Very positive,"Yes, I have a good idea",,,Lower monthly cost;My employer covering part or all of the cost;A better understanding of the benefits;More flexible or customisable plan;A promotional offer or incentive,"N$1,000 - N$2,000",Doctor visits;Hospitalisation;Chronic medication;Dental;Optical;Maternity cover;Mental health support;Emergency cover,Lower monthly cost ,Neutral
25-30,Employed full-time,"N$5,000 - N$10,000",Khomas Region,No,Yes,Emerald Plus,Very positive,I have heard figures but I am not sure,My employer does not offer it,5.0,Lower monthly cost;My employer covering part or all of the cost;More flexible or customisable plan,"N$500 - N$1,000",Doctor visits;Hospitalisation;Dental;Optical;Mental health support;Emergency cover,"I’d say they don’t avoid it, they are just not financially stable and most companies nowadays do not offer medical aid, that’s why. ",Positive
25-30,Employed full-time,"Above N$20,000",Khomas Region,Yes,No,,,"Yes, I have a good idea",,,Lower monthly cost,,Doctor visits,Most of them can not afford ,Positive
31-35,Unemployed,"Under N$5,000",Khomas Region,No,No,,,"No, I have no idea",Too expensive;I do not fully understand how it works,1.0,Lower monthly cost;A better understanding of the benefits,Under N$500,Doctor visits;Hospitalisation;Dental;Mental health support;Emergency cover,Because their don’t have enough income to have it,Neutral
31-35,Employed full-time,"N$10,000 - N$25,000",Khomas Region,Yes,Yes,Topaz;Topaz Plus;Emerald;Amber;Opal;Jade;Ruby;Emerald Plus;Amber Plus,Somewhat positive,I have heard figures but I am not sure,,,,,Hospitalisation;Chronic medication;Mental health support,Affordability bring the main issue and understanding of the importance of having the medical aid,Positive
25-30,Student,"N$5,000 - N$10,000",Khomas Region,No,Yes,None of the above,,"No, I have no idea",Too expensive,1.0,Lower monthly cost;A better understanding of the benefits,Under N$500,Doctor visits;Dental;Optical;Mental health support;Emergency cover,The expense nature of it,Neutral
25-30,Employed full-time,Prefer not to say,Khomas Region,Yes,Yes,None of the above,Somewhat positive,I have heard figures but I am not sure,,,,,Doctor visits;Hospitalisation;Maternity cover,"1. Cost of Medical Aid: Not all young Namibians are able to afford medical aid and some private companies don’t offer medical aid as a benefit especially to low earning employees. 
2. Awareness: Some young Namibians lack awareness to medical aid care. They are not even aware that this a benefit they qualify for. There is a stigma that labels medical aid as expensive (which is) that young Namibians don’t even take it upon themselves to educate themselves on different medical aid options.",Positive
25-30,Employed full-time,"Above N$20,000",Khomas Region,No,Yes,Topaz;Topaz Plus;Emerald;Amber;Opal;Jade;Ruby;Emerald Plus;Amber Plus,Neutral,"Yes, I have a good idea",Too expensive,1.0,Lower monthly cost,"N$1,000 - N$2,000",Hospitalisation;Dental;Optical;Mental health support,Way too expensive,Negative
31-35,Employed full-time,"N$10,000 - N$25,000",Khomas Region,Yes,No,,,"Yes, I have a good idea",,,,,Doctor visits;Dental;Optical,They avoid medical aid because they cannot afford it.,Neutral
25-30,Student,"N$10,000 - N$25,000",Khomas Region,Yes,Yes,Topaz;Topaz Plus;Emerald;Amber;Opal;Jade;Ruby;Emerald Plus;Amber Plus,Somewhat negative,"Yes, I have a good idea",,,,,Doctor visits;Dental;Optical,We pay so much monthly premiums and we still end up topping up on the benefits..,Positive
25-30,Employed full-time,Prefer not to say,Other urban area,Yes,No,,Somewhat positive,"No, I have no idea",,,,,Doctor visits;Hospitalisation;Emergency cover,Because they can’t afford ,Neutral
31-35,Employed full-time,"N$10,000 - N$25,000",Khomas Region,Yes,Yes,Topaz,Somewhat positive,"Yes, I have a good idea",,,,,Doctor visits;Dental;Emergency cover,Simply because it’s expensive ,Negative
31-35,Employed full-time,"N$10,000 - N$25,000",Other urban area,No,No,,,I have heard figures but I am not sure,Other,5.0,My employer covering part or all of the cost,"N$500 - N$1,000",Doctor visits;Hospitalisation;Emergency cover,They are mostly not offered one at work or it’s too late expensive for them.,Negative
31-35,Employed full-time,"N$10,000 - N$25,000",Other urban area,Yes,No,None of the above,,"Yes, I have a good idea",,,,,Doctor visits;Chronic medication;Dental;Maternity cover,Expensive ,Negative
31-35,Employed full-time,"Under N$5,000",Khomas Region,No,Yes,Topaz Plus,Neutral,"No, I have no idea",I am young and healthy - I do not need it yet,1.0,Lower monthly cost,Under N$500,Dental;Maternity cover,Financial issues ,Neutral
31-35,Employed full-time,"Above N$20,000",Khomas Region,Yes,No,,,I have heard figures but I am not sure,,,,"Above N$2,000",Doctor visits;Hospitalisation;Chronic medication;Dental;Emergency cover,It is simply expensive. ,Negative
25-30,Self-employed,"N$5,000 - N$10,000",Other urban area,No,Yes,None of the above,,"Yes, I have a good idea",Too expensive,2.0,Lower monthly cost;More flexible or customisable plan,"N$500 - N$1,000",Doctor visits;Dental;Mental health support,It's  too Expensive ,Negative
25-30,Employed part-time,"N$10,000 - N$25,000",Other urban area,No,No,,,"No, I have no idea",I do not fully understand how it works;My employer does not offer it;I have never thought about it,3.0,A better understanding of the benefits,Under N$500,Doctor visits;Hospitalisation;Chronic medication;Dental;Optical;Maternity cover;Mental health support;Emergency cover,"Just because we don’t really look deep into it, and we are racking information on medical aid. Also because most of us grow up just using state hospitals.",Positive
25-30,Employed full-time,"N$10,000 - N$25,000",Khomas Region,Yes,Yes,Topaz Plus,Neutral,"Yes, I have a good idea",,,,,Optical,I think Namibians avoid medical aid because they think its too expensive. Our health care system also makes it that you wouldn't necessarily need medical aid. Medical aid is mostly for convenience. ,Neutral
25-30,Employed part-time,"N$5,000 - N$10,000",Other urban area,No,No,,,I have heard figures but I am not sure,Too expensive,1.0,Lower monthly cost,Under N$500,Hospitalisation,Too expensive and high employment rate,Negative
31-35,Employed full-time,"Above N$20,000",Khomas Region,Yes,Yes,Topaz;Amber;Jade;Ruby,Neutral,"Yes, I have a good idea",,,,,Hospitalisation;Optical;Maternity cover;Emergency cover,Because the monthly payment is expensive ,Negative
25-30,Employed full-time,Prefer not to say,Khomas Region,Yes,Yes,Topaz;Topaz Plus;Emerald;Amber;Opal;Jade;Ruby;Emerald Plus;Amber Plus,Neutral,I have heard figures but I am not sure,,,,,Doctor visits;Hospitalisation;Chronic medication;Dental;Maternity cover,Expensive ,Negative
25-30,Employed full-time,Prefer not to say,Khomas Region,Yes,Yes,None of the above,Neutral,"No, I have no idea",,,,,Doctor visits,To avoid paying ,Neutral
31-35,Employed full-time,"N$5,000 - N$10,000",Khomas Region,No,Yes,Emerald,Neutral,"Yes, I have a good idea",Too expensive,1.0,Lower monthly cost;More flexible or customisable plan,"N$500 - N$1,000",Doctor visits;Chronic medication;Dental;Optical;Maternity cover;Mental health support;Emergency cover,"Medical aid is costly, take me for example if I get Medical aid thats more then a quarter of my salary. What will I then survive on if cost of living is already so high? ",Positive
18-24,Employed part-time,Prefer not to say,Khomas Region,No,Yes,Topaz Plus,Neutral,I have heard figures but I am not sure,Other,5.0,A promotional offer or incentive,"N$1,000 - N$2,000",Doctor visits;Optical;Emergency cover,Because it’s not tailored to their needs. ,Neutral
31-35,Employed full-time,"N$10,000 - N$25,000",Khomas Region,Yes,Yes,Topaz Plus,Somewhat positive,I have heard figures but I am not sure,,,,,Doctor visits;Hospitalisation;Emergency cover,It’s too expensive. ,Negative
18-24,Student,Prefer not to say,Khomas Region,No,Maybe,,,"No, I have no idea",I do not fully understand how it works,1.0,Lower monthly cost,Under N$500,Hospitalisation;Dental;Emergency cover,Due to fact that it can be costly sometimes and young namibias don’t fully understand how it works,Negative
18-24,Student,"Under N$5,000",Khomas Region,No,Yes,Opal,Very positive,I have heard figures but I am not sure,Too expensive,3.0,Lower monthly cost,"N$500 - N$1,000",Hospitalisation;Emergency cover,Because it’s not affordable.,Neutral
25-30,Employed full-time,"N$10,000 - N$25,000",Khomas Region,Yes,Yes,Topaz;Topaz Plus;Emerald;Amber;Opal;Jade;Ruby;Emerald Plus;Amber Plus,Very positive,"Yes, I have a good idea",,,,,Doctor visits;Chronic medication;Optical,They think it’s costly.,Neutral
31-35,Employed full-time,"Above N$20,000",Khomas Region,Yes,Maybe,,,"Yes, I have a good idea",,,,,Doctor visits;Dental,They avoid due to high costs of medical aid. Affordability is an issue.,Positive
25-30,Employed full-time,"N$10,000 - N$25,000",Khomas Region,No,Yes,Topaz;Topaz Plus;Emerald;Amber;Opal;Jade;Ruby;Emerald Plus;Amber Plus,Somewhat positive,"Yes, I have a good idea",Other,5.0,More flexible or customisable plan,"N$1,000 - N$2,000",Doctor visits;Dental;Optical;Emergency cover,Due to financial burdens ,Negative
18-24,Employed part-time,"Under N$5,000",Other urban area,Yes,No,None of the above,I have never heard of them,"No, I have no idea",Too expensive,1.0,Other,Under N$500,Hospitalisation,Expensive ,Negative
25-30,Employed full-time,"N$10,000 - N$25,000",Khomas Region,No,Yes,Topaz;Topaz Plus;Emerald;Amber,Somewhat positive,"Yes, I have a good idea",Too expensive;My employer does not offer it,3.0,Lower monthly cost;My employer covering part or all of the cost,Under N$500,Doctor visits;Hospitalisation;Dental;Optical;Mental health support;Emergency cover,"I do not think young Namibians avoid medical aid, it’s more a luxury than anything and most people just can’t afford. Not to mention the lowest packages that most can afford actually don’t cover much at all and people end up spending from their own pockets. It’s just not affordable for the common man. ",Positive
25-30,Employed full-time,"Above N$20,000",Khomas Region,Yes,Yes,Ruby,Very positive,"Yes, I have a good idea",,,,,Doctor visits;Hospitalisation;Dental;Optical;Maternity cover;Mental health support;Emergency cover,It’s too expensive especially for individuals whose employers don’t offer medical aid. They are forced to open up their individual medical aids and the monthly cost is way too high. ,Negative
25-30,Employed full-time,"N$10,000 - N$25,000",Khomas Region,Yes,Yes,Emerald;Amber;Jade,Somewhat positive,"Yes, I have a good idea",,,,,Doctor visits;Hospitalisation;Dental;Maternity cover;Emergency cover,It’s expensive ,Negative
18-24,Student,"Under N$5,000",Khomas Region,No,No,,,I have heard figures but I am not sure,Too expensive,2.0,A better understanding of the benefits;More flexible or customisable plan,Under N$500,Doctor visits;Optical;Emergency cover,"Because they have less knowledge about medical aid and they think it is too costly. Also, most young people have the mentality of ""I am still young and healthy, I do not need medical aid.""",Positive
Prefer not to say,Employed full-time,"Under N$5,000",Khomas Region,Yes,Yes,Jade,Very positive,"Yes, I have a good idea",,,,,Emergency cover,Because they are too expensive ,Negative
31-35,Employed full-time,"N$10,000 - N$25,000",Rural area,Yes,Yes,None of the above,I have never heard of them,"Yes, I have a good idea",Other,,,,Doctor visits;Maternity cover;Mental health support,The costs are high ,Positive
31-35,Employed full-time,"N$10,000 - N$25,000",Khomas Region,Yes,Yes,,,"Yes, I have a good idea",,,,,Chronic medication;Dental;Optical;Mental health support;Emergency cover,"I have ever only worked for companies that makes it compulsory to contribute to medical aid. And if I had a choice, I would only opt for a hospital plan or no medical aid at all",Neutral
25-30,Employed full-time,Prefer not to say,Khomas Region,No,Yes,Topaz;Topaz Plus;Opal;Ruby,Neutral,"Yes, I have a good idea",Too expensive;My employer does not offer it,1.0,Lower monthly cost;A better understanding of the benefits;More flexible or customisable plan,"N$500 - N$1,000",Hospitalisation;Optical;Emergency cover,"From the research I have done while attempting to get a medical aid, I believe it is avoided due to the cost and the benefits associated to the lower rated options. This benefits are close to nothing and doesn't make any actual difference except for private Dr consultations, things like hospitalization, limited medication budget at pharmacies, limited to only certain medical conditions and excludes things like optics, dental care, etc.",Negative
25-30,Employed full-time,"N$10,000 - N$25,000",Khomas Region,Yes,Yes,None of the above,Neutral,I have heard figures but I am not sure,,,,,Doctor visits;Hospitalisation;Dental;Maternity cover;Emergency cover,"Because its too expensive, especially if the work for a private company that doesnot cover all the costs.",Negative
25-30,Employed full-time,"N$10,000 - N$25,000",Khomas Region,Yes,Yes,None of the above,Very positive,I have heard figures but I am not sure,,,,,Doctor visits;Hospitalisation;Emergency cover,A lot of young Namibians are unemployed thus affording medical aid at this point is not possible hence they opt not to have it ,Positive
25-30,Unemployed,Prefer not to say,Other urban area,No,No,,,"No, I have no idea",I use alternatives like cash or pay for health insurance,3.0,A recommendation from someone I trust,Under N$500,Doctor visits,"They think it is costing too much.
They did not also meet their standards of living to meet the medical aid requirements. ",Positive
25-30,Unemployed,Prefer not to say,Other urban area,No,Maybe,,,I have heard figures but I am not sure,I do not fully understand how it works,4.0,Lower monthly cost;A better understanding of the benefits,"N$500 - N$1,000",Doctor visits;Hospitalisation;Dental,Lack of understanding ,Neutral
31-35,Employed full-time,"Above N$20,000",Other urban area,Yes,Yes,Ruby,Somewhat positive,"Yes, I have a good idea",,,,,Doctor visits,"Reason can be they do not have proper information and they think it is a waste of money up until they get into a health crisis where their saved funds cannot cover up for medical bills, that is when they think of medical aid.",Negative
31-35,Self-employed,"N$10,000 - N$25,000",Khomas Region,No,Yes,Topaz;Topaz Plus;Emerald;Amber;Opal,Neutral,"No, I have no idea",I use alternatives like cash or pay for health insurance,3.0,Lower monthly cost,Under N$500,Doctor visits;Hospitalisation;Emergency cover,Lack of information and high costs,Positive
25-30,Employed full-time,"Above N$20,000",Other urban area,Yes,Yes,None of the above,Somewhat positive,"Yes, I have a good idea",,,,,Dental,They can’t afford one. Not everyone is accommodated ,Neutral
25-30,Employed full-time,"Under N$5,000",Rural area,No,Yes,None of the above,,"No, I have no idea",My employer does not offer it,1.0,A recommendation from someone I trust,Under N$500,Hospitalisation;Chronic medication;Emergency cover,Unaffordability ,Neutral
25-30,Student,"Under N$5,000",Khomas Region,No,No,None of the above,,"No, I have no idea",Too expensive,3.0,Lower monthly cost,Under N$500,Doctor visits;Mental health support;Emergency cover,"They see it as a responsibility of the parents, additionally, they think that government should cover health costs for Namibians especially young people without any social net. ",Positive
25-30,Employed full-time,"Under N$5,000",Khomas Region,No,Yes,Topaz,Neutral,I have heard figures but I am not sure,Too expensive;My employer does not offer it,3.0,Lower monthly cost;More flexible or customisable plan,Under N$500,Doctor visits;Optical,It’s expensive and we are underpaid,Negative
25-30,Employed full-time,"Above N$20,000",Khomas Region,Yes,Yes,Topaz;Topaz Plus;Emerald;Amber;Opal;Jade;Ruby;Emerald Plus;Amber Plus,Very positive,"Yes, I have a good idea",,,,,Hospitalisation;Dental;Optical,It's so expensive and the benefits are somewhat misaligned with lifestyle.,Negative
25-30,Employed full-time,"N$10,000 - N$25,000",Khomas Region,No,Yes,Topaz;Topaz Plus;Emerald;Amber;Opal;Jade;Ruby;Emerald Plus;Amber Plus,Very positive,"Yes, I have a good idea",My employer does not offer it,1.0,Lower monthly cost;My employer covering part or all of the cost,Under N$500,Doctor visits;Optical;Emergency cover,It’s expensive ,Negative
18-24,Student,Prefer not to say,Khomas Region,Yes,No,,,I have heard figures but I am not sure,,,,,Doctor visits,Because are afraid that is expensive ,Negative
25-30,Employed full-time,"Above N$20,000",Khomas Region,Yes,Yes,Ruby,Very positive,"Yes, I have a good idea",,,,,Doctor visits;Hospitalisation;Dental,Probably because they don’t fully understand it or maybe because it’s “expensive”..,Negative
31-35,Self-employed,"N$5,000 - N$10,000",Khomas Region,No,Yes,Topaz;Topaz Plus;Emerald;Amber;Opal;Jade;Ruby;Emerald Plus;Amber Plus,,I have heard figures but I am not sure,Too expensive,3.0,Lower monthly cost;More flexible or customisable plan,"N$500 - N$1,000",Doctor visits;Hospitalisation;Chronic medication;Dental,Because it is expensive ,Negative
25-30,Employed full-time,"N$5,000 - N$10,000",Khomas Region,No,Yes,None of the above,Neutral,I have heard figures but I am not sure,My employer does not offer it,3.0,Other,Under N$500,Emergency cover,Affordability ,Neutral
25-30,Employed full-time,"N$10,000 - N$25,000",Khomas Region,No,Yes,Amber,Very positive,"Yes, I have a good idea",Too expensive,3.0,My employer covering part or all of the cost,"N$1,000 - N$2,000",Chronic medication;Optical;Emergency cover,I think the cost of Medical Aid is too costly for Namibians.,Neutral
31-35,Employed full-time,"N$10,000 - N$25,000",Other urban area,Yes,Yes,None of the above,Very positive,"No, I have no idea",Other,,,,Chronic medication;Maternity cover;Emergency cover,Expensive ,Negative
31-35,Student,"N$10,000 - N$25,000",Rural area,Yes,Yes,None of the above,I have never heard of them,"Yes, I have a good idea",,5.0,A promotional offer or incentive,"N$500 - N$1,000",Hospitalisation;Chronic medication,They don’t avoid they are unemployed,Neutral
25-30,Student,Prefer not to say,Rural area,No,No,,,"No, I have no idea",I have never thought about it,1.0,A better understanding of the benefits,Under N$500,Doctor visits;Dental;Optical,They are unemployed ,Neutral
18-24,Employed full-time,"N$10,000 - N$25,000",Khomas Region,Yes,Yes,Jade,Very positive,"Yes, I have a good idea",,,,,Doctor visits;Hospitalisation;Chronic medication;Dental;Optical;Maternity cover;Mental health support;Emergency cover,Costs,Neutral
25-30,Employed full-time,"N$5,000 - N$10,000",Khomas Region,No,No,,,I have heard figures but I am not sure,Too expensive;My employer does not offer it,3.0,Lower monthly cost;My employer covering part or all of the cost,Under N$500,Doctor visits;Dental;Emergency cover,"Affordability is the main problem. If it was up to us and affordable, we would all have it. ",Positive
18-24,Student,"Under N$5,000",Khomas Region,Yes,Yes,Emerald Plus,Very positive,"No, I have no idea",,,,,Doctor visits;Optical;Emergency cover,"It’s either they can’t afford it, because they don’t earn much. Those that can afford it, it’s not a priority to them. They got used to being under their parents care and as they age they neglect the fact that they need to take their own responsibility or they just think they’ll have enough money to pay cash in case of emergency. Which is a pitty. ",Positive
31-35,Self-employed,"Above N$20,000",Khomas Region,No,Yes,None of the above,,"Yes, I have a good idea",Too expensive;I use alternatives like cash or pay for health insurance,3.0,More flexible or customisable plan,"N$1,000 - N$2,000",Doctor visits;Hospitalisation;Chronic medication;Dental;Optical;Maternity cover;Mental health support;Emergency cover,"Because of the medical costs of signing up as an individual, it’s much cheaper in company groups but you’d first have to be employed to be in a company group ",Positive
31-35,Unemployed,Prefer not to say,Khomas Region,No,Yes,,,I have heard figures but I am not sure,Other,3.0,Other,Under N$500,Doctor visits;Chronic medication;Maternity cover,High unemployment rates among youth ,Positive
31-35,Employed full-time,Prefer not to say,Khomas Region,Yes,Yes,Topaz,Somewhat positive,"Yes, I have a good idea",Other,4.0,More flexible or customisable plan,"N$500 - N$1,000",Doctor visits;Maternity cover;Mental health support;Emergency cover,It’s expensive ,Negative
31-35,Unemployed,"Under N$5,000",Khomas Region,No,No,,,I have heard figures but I am not sure,Too expensive,1.0,A recommendation from someone I trust,Under N$500,Doctor visits,"We can't afford it 
",Neutral
25-30,Employed full-time,"N$5,000 - N$10,000",Khomas Region,No,Yes,Topaz;Topaz Plus;Emerald;Amber;Opal;Jade;Ruby;Emerald Plus;Amber Plus,Neutral,I have heard figures but I am not sure,My employer does not offer it;I use alternatives like cash or pay for health insurance,4.0,My employer covering part or all of the cost;A better understanding of the benefits;More flexible or customisable plan,"N$500 - N$1,000",Hospitalisation;Dental;Emergency cover,They barely use it.,Positive
31-35,Employed full-time,"N$10,000 - N$25,000",Khomas Region,Yes,Yes,Jade,Very positive,"Yes, I have a good idea",,,,,Doctor visits;Hospitalisation;Optical,Expensive ,Negative
25-30,Student,Prefer not to say,Khomas Region,No,No,,I have never heard of them,"No, I have no idea",Too expensive,1.0,A better understanding of the benefits,Under N$500,Doctor visits;Dental;Mental health support,"It is expensive to afford , mlst especially without having a job",Negative
18-24,Student,Prefer not to say,Khomas Region,No,No,None of the above,,"No, I have no idea",Other,1.0,A recommendation from someone I trust,Under N$500,Doctor visits,They do not have clear knowledge about it.,Positive
31-35,Student,Prefer not to say,Other urban area,No,Yes,None of the above,I have never heard of them,"No, I have no idea",Other,1.0,A better understanding of the benefits,I would not pay for it at all,Hospitalisation,We are not welleducated about ot,Neutral
31-35,Employed full-time,"N$10,000 - N$25,000",Khomas Region,Yes,Yes,Ruby,Somewhat positive,I have heard figures but I am not sure,,,,,Doctor visits;Optical;Emergency cover,Its expensive ,Negative
25-30,Employed full-time,Prefer not to say,Other urban area,Yes,Yes,Topaz;Topaz Plus;Jade;Ruby,Neutral,I have heard figures but I am not sure,Other,3.0,My employer covering part or all of the cost,"N$500 - N$1,000",Doctor visits;Hospitalisation;Chronic medication;Dental;Maternity cover;Mental health support;Emergency cover,It’s expensive ,Negative
31-35,Employed full-time,"N$5,000 - N$10,000",Khomas Region,Yes,Yes,Topaz Plus,Somewhat positive,"Yes, I have a good idea",,,,,Doctor visits;Hospitalisation;Chronic medication,Its quite expensive ,Negative
25-30,Employed full-time,"Above N$20,000",Khomas Region,Yes,Yes,Topaz;Topaz Plus;Emerald;Amber;Opal;Jade;Ruby;Emerald Plus;Amber Plus,Neutral,"Yes, I have a good idea",Too expensive,3.0,A better understanding of the benefits,"N$500 - N$1,000",Doctor visits;Chronic medication,No,Neutral
25-30,Employed full-time,"N$10,000 - N$25,000",Khomas Region,Yes,Yes,Topaz;Topaz Plus;Emerald;Amber;Opal;Jade;Ruby;Emerald Plus;Amber Plus,Neutral,"Yes, I have a good idea",,,,,Dental;Optical;Emergency cover,A lack of exposure or understanding its importance ,Neutral
18-24,Student,Prefer not to say,Khomas Region,Yes,No,None of the above,Neutral,"No, I have no idea",Other,2.0,More flexible or customisable plan,"Above N$2,000",Doctor visits;Hospitalisation;Chronic medication;Dental;Maternity cover,Because of the expenses and lack of knowledge ,Neutral
31-35,Employed full-time,Prefer not to say,Khomas Region,Yes,Yes,Topaz;Topaz Plus;Emerald;Amber;Opal;Jade;Ruby;Emerald Plus;Amber Plus,Somewhat positive,"Yes, I have a good idea",,5.0,My employer covering part or all of the cost,Under N$500,Doctor visits,The cost of medical aid,Neutral
25-30,Self-employed,"Under N$5,000",Other urban area,No,No,None of the above,I have never heard of them,I have heard figures but I am not sure,I use alternatives like cash or pay for health insurance,3.0,Lower monthly cost,Under N$500,Hospitalisation;Optical,Unemployment ,Neutral
Prefer not to say,Employed full-time,"N$10,000 - N$25,000",Khomas Region,Yes,Maybe,None of the above,Very positive,"Yes, I have a good idea",,,,"N$500 - N$1,000",Doctor visits,Affordability ,Neutral
25-30,Unemployed,"Under N$5,000",Khomas Region,No,No,,,"No, I have no idea",Too expensive,1.0,Lower monthly cost,Under N$500,Chronic medication;Emergency cover,Unemployment ,Neutral
25-30,Employed full-time,"Under N$5,000",Khomas Region,No,No,None of the above,I have never heard of them,"No, I have no idea",Other,1.0,Lower monthly cost,Under N$500,Dental;Maternity cover;Mental health support;Emergency cover,To expensive,Negative
25-30,Employed full-time,"N$10,000 - N$25,000",Other urban area,Yes,No,,,I have heard figures but I am not sure,,,,,Doctor visits;Hospitalisation;Mental health support,In my opinion I think young Namibian avoid medical aid because of the cost and also the fact that they don't get sick often of which most of them think it's a waste of their money.  ,Negative
18-24,Student,Prefer not to say,Khomas Region,Yes,No,,,"No, I have no idea",,,,,Doctor visits;Hospitalisation;Dental,Probably because they dont understand the importance of it,Neutral
18-24,Employed full-time,"N$10,000 - N$25,000",Khomas Region,Yes,Yes,Topaz;Topaz Plus;Emerald;Amber;Opal;Jade;Ruby;Emerald Plus;Amber Plus,Somewhat positive,"Yes, I have a good idea",,,,,Doctor visits;Hospitalisation;Chronic medication,I believe they think it’s too expensive,Negative
25-30,Self-employed,"Under N$5,000",Khomas Region,No,Yes,Topaz Plus,Somewhat negative,"Yes, I have a good idea",Too expensive,1.0,A better understanding of the benefits,Under N$500,Doctor visits,No money to pay,Neutral
18-24,Employed full-time,"N$10,000 - N$25,000",Khomas Region,No,Yes,Emerald;Amber Plus,Neutral,"No, I have no idea",My employer does not offer it,3.0,Lower monthly cost,Under N$500,Hospitalisation;Dental;Optical;Emergency cover,For better medical treatment ,Positive
18-24,Employed full-time,"N$10,000 - N$25,000",Khomas Region,No,Yes,Emerald;Amber Plus,Neutral,"No, I have no idea",My employer does not offer it,3.0,Lower monthly cost,Under N$500,Hospitalisation;Dental;Optical;Emergency cover,For better medical treatment ,Positive
25-30,Unemployed,"Under N$5,000",Khomas Region,No,Yes,Topaz,Somewhat positive,I have heard figures but I am not sure,Too expensive;Other,1.0,Lower monthly cost;My employer covering part or all of the cost,"N$500 - N$1,000",Doctor visits;Hospitalisation;Chronic medication;Dental;Optical,Simply because it is too expensive and most of us are unemployed. ,Neutral
25-30,Employed full-time,"N$10,000 - N$25,000",Khomas Region,Yes,Yes,Topaz;Topaz Plus;Emerald;Amber;Opal;Jade;Ruby,Somewhat positive,"Yes, I have a good idea",,,,,Doctor visits;Hospitalisation;Emergency cover,The price to benefit gap,Neutral
25-30,Employed full-time,"N$10,000 - N$25,000",Khomas Region,Yes,Yes,Topaz Plus,Very positive,"Yes, I have a good idea",,,,,Doctor visits;Hospitalisation;Chronic medication;Dental;Optical,It’s expensive ,Negative
18-24,Student,Prefer not to say,Khomas Region,Yes,No,None of the above,I have never heard of them,"Yes, I have a good idea",I have never thought about it,,,,Doctor visits;Hospitalisation;Dental;Maternity cover;Emergency cover,"Could be the cost of it or they believe it’s expensive and rather go to state where it’s free, lack education on medical aid ",Negative
25-30,Unemployed,"Under N$5,000",Khomas Region,No,Yes,Emerald;Amber;Ruby,Very positive,"Yes, I have a good idea",Other,3.0,Lower monthly cost;A better understanding of the benefits,Under N$500,Doctor visits;Chronic medication;Optical;Maternity cover;Mental health support;Emergency cover,Too expensive ,Negative
25-30,Employed full-time,Prefer not to say,Khomas Region,Yes,Yes,Topaz;Topaz Plus;Emerald;Amber;Opal;Jade;Ruby;Emerald Plus;Amber Plus,Neutral,"Yes, I have a good idea",Other,,,,Doctor visits;Hospitalisation;Dental;Optical,It’s very expensive for any ordinary Nambi,Negative
25-30,Employed full-time,"Above N$20,000",Khomas Region,Yes,No,,,"Yes, I have a good idea",,,,,Doctor visits;Chronic medication;Dental;Mental health support,"It’s expensive.. Many young people are students, unemployed or still early in their careers. Monthly contributions to medical aid is too expensive compared to needs like rent, transport or food.",Negative
18-24,Student,Prefer not to say,Other urban area,No,No,,,I have heard figures but I am not sure,Other,3.0,Other,"N$500 - N$1,000",Hospitalisation;Optical;Emergency cover,I feel like they don't understand the benefits  and it's too expensive for their income especially for students and unemployed youth. ,Negative
18-24,Student,Prefer not to say,Khomas Region,No,No,,,I have heard figures but I am not sure,Other,1.0,Other,"N$500 - N$1,000",Doctor visits;Hospitalisation;Maternity cover,"Many young Namibians avoid medical aid because they feel healthy and see it as an unnecessary expense, especially with limited income; additionally, many grew up in households where their parents couldn’t afford it, so it was never seen as a priority.",Positive
31-35,Employed full-time,"Above N$20,000",Other urban area,Yes,Yes,Ruby,Somewhat positive,"Yes, I have a good idea",,,,,Doctor visits;Hospitalisation;Emergency cover,Unemployment/unstable income/high living codts. A somewhat reliable public health system ,Neutral
25-30,Unemployed,"Under N$5,000",Khomas Region,No,No,,,"No, I have no idea",I do not fully understand how it works,3.0,Lower monthly cost;A better understanding of the benefits;More flexible or customisable plan,Under N$500,Doctor visits;Dental;Emergency cover,It is very expensive and most of them are unemployed or don’t have a stable income to cover the cost,Negative
31-35,Employed part-time,"N$5,000 - N$10,000",Khomas Region,No,Yes,None of the above,Neutral,I have heard figures but I am not sure,I do not fully understand how it works,4.0,Lower monthly cost;My employer covering part or all of the cost;A better understanding of the benefits,"N$500 - N$1,000",Hospitalisation;Chronic medication;Dental;Emergency cover,Cost and not fully understanding the benefits,Neutral
31-35,Employed full-time,"Above N$20,000",Khomas Region,Yes,No,None of the above,I have never heard of them,"Yes, I have a good idea",,3.0,A promotional offer or incentive;Other,I would not pay for it at all,Maternity cover;Mental health support,Too expensive ,Negative
25-30,Employed full-time,"Above N$20,000",Khomas Region,Yes,Yes,Amber;Jade;Ruby,Very positive,"Yes, I have a good idea",,,,,Doctor visits;Hospitalisation;Dental;Optical;Maternity cover,"People aren’t well informed. Additionally, it’s expensive. ",Negative
25-30,Unemployed,"N$10,000 - N$25,000",Khomas Region,No,Yes,None of the above,Somewhat positive,"No, I have no idea",I do not fully understand how it works;My employer does not offer it;Other,3.0,Lower monthly cost;A better understanding of the benefits,Under N$500,Dental;Maternity cover,"We don’t have access to it or at not educated about it,they should promote medical aid like how Mtc promotes Taamba or Maris or how Breweries promotes Windhoek Draught! ",Neutral
25-30,Employed full-time,"N$10,000 - N$25,000",Khomas Region,Yes,Yes,Emerald,Somewhat positive,I have heard figures but I am not sure,,,,,Doctor visits;Optical,Many Young Namibians feel it’s very expensive and would rather pay for doctors visit when they need to rather Ethen every month of payments without use,Negative
18-24,Student,Prefer not to say,Khomas Region,No,No,,,"No, I have no idea",I do not fully understand how it works,1.0,A better understanding of the benefits,"N$500 - N$1,000",Doctor visits;Dental,Because they don't know the benefits of it,Neutral
25-30,Employed full-time,"N$10,000 - N$25,000",Khomas Region,Yes,Yes,None of the above,,"No, I have no idea",,,,,Doctor visits;Hospitalisation;Dental,It's expensive and they think they don't need it,Negative
25-30,Unemployed,Prefer not to say,Other urban area,No,Maybe,,,I have heard figures but I am not sure,I do not fully understand how it works,1.0,Lower monthly cost;A better understanding of the benefits;A recommendation from someone I trust,Under N$500,Chronic medication;Mental health support;Emergency cover,Because they can’t afford it.,Neutral
25-30,Employed full-time,Prefer not to say,Khomas Region,Yes,Yes,Jade,Somewhat positive,"Yes, I have a good idea",,,,,Doctor visits;Optical;Mental health support,Too expensive to afford and periums keep increasing ,Negative
18-24,Unemployed,"Under N$5,000",Khomas Region,No,Yes,Amber Plus,Somewhat positive,"Yes, I have a good idea",Too expensive;Other,5.0,Lower monthly cost;My employer covering part or all of the cost,"N$500 - N$1,000",Doctor visits;Hospitalisation;Dental,"We don’t avoid, many young Namibians do not avoid medical aid by choice but are unable to afford it due to unemployment and financial constraints.",Negative
31-35,Employed full-time,"N$10,000 - N$25,000",Khomas Region,Yes,Yes,Topaz;Topaz Plus;Emerald;Amber;Opal;Jade;Ruby;Emerald Plus;Amber Plus,Somewhat positive,"Yes, I have a good idea",,,,,Doctor visits;Hospitalisation;Chronic medication;Optical;Emergency cover,The cost of a good medical aid option that covers the needs of a young person.,Positive
18-24,Unemployed,"Under N$5,000",Khomas Region,No,Yes,Emerald;Opal,Somewhat positive,I have heard figures but I am not sure,Other,5.0,A better understanding of the benefits,Under N$500,Doctor visits;Maternity cover;Emergency cover,"Since Medical Aid comedy with costs, young Namibians rule it out of their health options mainly due to economic reasons like underemployment and unemployment. On average a young person in the country who earns less in a month would rather opt for public healthcare.",Negative
31-35,Employed full-time,"N$10,000 - N$25,000",Khomas Region,Yes,Yes,Topaz;Topaz Plus;Emerald;Amber;Opal;Jade;Ruby;Emerald Plus;Amber Plus,Very positive,"Yes, I have a good idea",,,,,Hospitalisation;Dental;Optical,Because it is expensive. And sometimes you just feel like most of your needs are not covered as you cannot really afford the highest option.,Positive
25-30,Student,"Under N$5,000",Khomas Region,No,Yes,Topaz;Topaz Plus;Jade;Ruby,Somewhat positive,I have heard figures but I am not sure,Too expensive,2.0,Lower monthly cost,Under N$500,Doctor visits;Dental;Optical,It’s expensive ,Negative
25-30,Unemployed,"Under N$5,000",Other urban area,No,No,,,"No, I have no idea",Too expensive;I do not fully understand how it works;I have never thought about it,3.0,My employer covering part or all of the cost;A better understanding of the benefits;A recommendation from someone I trust,Under N$500,Emergency cover,They Believe That It’s Expensive And Only For Employed Individuals.,Negative
31-35,Self-employed,"N$10,000 - N$25,000",Other urban area,No,No,None of the above,I have never heard of them,"No, I have no idea",Other,1.0,Other,I would not pay for it at all,Doctor visits;Hospitalisation;Chronic medication;Dental;Mental health support;Emergency cover,Not enough education on medical aid,Neutral
18-24,Student,Prefer not to say,Khomas Region,No,No,,,"No, I have no idea",Too expensive,2.0,Lower monthly cost,Under N$500,Emergency cover,Because some of them might be ignorant,Neutral
25-30,Employed full-time,"N$5,000 - N$10,000",Khomas Region,No,No,,,I have heard figures but I am not sure,My employer does not offer it,3.0,More flexible or customisable plan,Under N$500,Emergency cover,Because it’s costly and we hardly use it,Negative
31-35,Employed full-time,"Above N$20,000",Khomas Region,Yes,Yes,Amber;Ruby;Amber Plus,Somewhat positive,I have heard figures but I am not sure,,,,,Hospitalisation;Dental;Optical,"Number one reason is cost, then lack of information ",Neutral
25-30,Employed full-time,"N$10,000 - N$25,000",Khomas Region,Yes,Yes,Topaz;Topaz Plus;Emerald;Amber;Opal;Jade;Ruby;Emerald Plus;Amber Plus,Neutral,I have heard figures but I am not sure,,,,,Doctor visits;Dental;Optical,Because not everyone can afford ,Neutral
25-30,Employed full-time,"Under N$5,000",Other urban area,No,No,,,I have heard figures but I am not sure,Too expensive,5.0,Lower monthly cost;My employer covering part or all of the cost,Under N$500,Doctor visits;Dental;Mental health support,Yes but also just because of misinformation and not understanding that it is a need. ,Neutral
25-30,Employed full-time,"N$10,000 - N$25,000",Khomas Region,Yes,Yes,Topaz;Topaz Plus,Somewhat positive,"Yes, I have a good idea",,,,,Doctor visits;Hospitalisation;Maternity cover,Financial constraints and perhaps lack of information. Also bad experiences with past medical aid funds,Negative
18-24,Unemployed,"Under N$5,000",Khomas Region,No,No,,I have never heard of them,"No, I have no idea",Too expensive,1.0,A promotional offer or incentive,"N$1,000 - N$2,000",Maternity cover;Mental health support;Emergency cover,They're unemployed and can't afford that ,Neutral
18-24,Student,Prefer not to say,Other urban area,Yes,No,,,"Yes, I have a good idea",,,,,Doctor visits,Because most of them don't have monthly salaries and the medical aid card deducts from ones salary ,Positive
25-30,Student,"Under N$5,000",Khomas Region,No,Yes,Emerald Plus,Somewhat positive,I have heard figures but I am not sure,I have never thought about it,3.0,Lower monthly cost;My employer covering part or all of the cost;More flexible or customisable plan;A promotional offer or incentive,Under N$500,Hospitalisation;Dental;Mental health support;Emergency cover,The cost ,Neutral
25-30,Student,"Under N$5,000",Khomas Region,No,Yes,Emerald,Very positive,I have heard figures but I am not sure,Other,5.0,My employer covering part or all of the cost,"N$500 - N$1,000",Hospitalisation;Chronic medication;Maternity cover,It’s too expensive ,Negative
31-35,Employed full-time,"Above N$20,000",Khomas Region,No,Yes,Topaz;Emerald;Jade;Ruby,,I have heard figures but I am not sure,I have never thought about it,5.0,Lower monthly cost;A better understanding of the benefits;A promotional offer or incentive,Under N$500,Doctor visits;Chronic medication;Optical,"The price, and at times if you are single person they don’t see the need for it ",Negative
31-35,Self-employed,"N$5,000 - N$10,000",Other urban area,No,No,None of the above,,I have heard figures but I am not sure,Too expensive,5.0,My employer covering part or all of the cost,Under N$500,Doctor visits,"Many people are not really avoiding medical aid, and majority of them want it but they can't afford it becuse they are unemployed or earning lower income.",Positive
25-30,Employed full-time,"N$10,000 - N$25,000",Rural area,Yes,No,,,"Yes, I have a good idea",,,,,Emergency cover,Hadly sick and it keeps deducting even when not used.,Negative
18-24,Student,"Under N$5,000",Khomas Region,No,No,,,"No, I have no idea",Other,1.0,Other,Under N$500,Doctor visits;Hospitalisation;Emergency cover,Don't have enough income to cover the medical aid,Neutral
31-35,Employed full-time,"Above N$20,000",Khomas Region,Yes,Yes,Ruby,Neutral,"Yes, I have a good idea",,,,,Doctor visits;Chronic medication;Emergency cover,Reason being they thing is expensive and they dnt get sick that often.,Negative
25-30,Employed part-time,"Under N$5,000",Khomas Region,No,Yes,None of the above,Neutral,I have heard figures but I am not sure,Too expensive,5.0,Lower monthly cost,Under N$500,Doctor visits;Chronic medication;Mental health support,"Because most of the young people don't have jobs that can cover that as a benefit ,because most employment opportunities are are on contract based ",Positive
31-35,Employed full-time,"Above N$20,000",Khomas Region,Yes,Yes,Jade;Ruby;Emerald Plus;Amber Plus,Very positive,"Yes, I have a good idea",,5.0,Lower monthly cost;A better understanding of the benefits;More flexible or customisable plan;A promotional offer or incentive,"N$1,000 - N$2,000",Hospitalisation;Chronic medication;Dental;Optical;Maternity cover;Mental health support;Emergency cover,Cost,Neutral
25-30,Employed full-time,"N$5,000 - N$10,000",Khomas Region,No,No,,,I have heard figures but I am not sure,My employer does not offer it,3.0,More flexible or customisable plan,Under N$500,Hospitalisation;Dental;Maternity cover,Because their work places doesn’t offer it and it’s too expensive when covering it yourself with no company.,Negative
31-35,Employed part-time,"N$10,000 - N$25,000",Khomas Region,No,Yes,Emerald Plus,Neutral,I have heard figures but I am not sure,My employer does not offer it;I use alternatives like cash or pay for health insurance,3.0,Lower monthly cost;More flexible or customisable plan,Under N$500,Hospitalisation;Dental,"It’s expensive for you hardly use it and the one or teo times you wish to, it doesn’t cover much..",Negative
31-35,Unemployed,"Under N$5,000",Rural area,No,Yes,Ruby,Neutral,"No, I have no idea",Too expensive,3.0,Lower monthly cost,"N$500 - N$1,000",Doctor visits;Hospitalisation;Emergency cover,It’s to prepare them for the future as anything can happen anytime regarding ones health ,Neutral
18-24,Employed full-time,"N$10,000 - N$25,000",Khomas Region,Yes,Yes,Topaz;Topaz Plus;Amber;Jade,Very positive,"Yes, I have a good idea",,,,,Chronic medication;Optical;Mental health support,The cost is too high,Positive
25-30,Employed part-time,"N$5,000 - N$10,000",Other urban area,Yes,Yes,Topaz;Topaz Plus;Emerald;Amber;Jade;Ruby,Neutral,"Yes, I have a good idea",,,,,Dental,Depletion of personal medicine on top of high fees,Positive
25-30,Employed full-time,"N$10,000 - N$25,000",Khomas Region,No,Yes,None of the above,Neutral,I have heard figures but I am not sure,My employer does not offer it,1.0,Lower monthly cost,Under N$500,Doctor visits,They can't afford it.,Neutral
25-30,Unemployed,Prefer not to say,Other urban area,No,Yes,Emerald;Opal,Very positive,I have heard figures but I am not sure,I do not fully understand how it works,3.0,A better understanding of the benefits;A recommendation from someone I trust;A promotional offer or incentive,Under N$500,Doctor visits;Chronic medication;Maternity cover;Mental health support;Emergency cover,In most cases people have less understanding about medical aids.,Positive
25-30,Employed full-time,"N$10,000 - N$25,000",Khomas Region,No,Yes,Topaz;Topaz Plus;Emerald;Amber;Opal;Jade;Ruby;Emerald Plus;Amber Plus,Neutral,"Yes, I have a good idea",Too expensive;My employer does not offer it,5.0,Lower monthly cost;My employer covering part or all of the cost,"N$500 - N$1,000",Doctor visits;Hospitalisation;Chronic medication;Dental;Maternity cover;Mental health support;Emergency cover,It is expensive and many do not have jobs. ,Neutral
25-30,Self-employed,"Under N$5,000",Other urban area,No,No,,,"No, I have no idea",I have never thought about it,5.0,Other,"N$1,000 - N$2,000",Doctor visits;Dental;Maternity cover,"Lack of understanding the importance and the payments 
",Neutral
25-30,Employed part-time,"Under N$5,000",Khomas Region,No,Yes,None of the above,Very positive,"No, I have no idea",Too expensive;My employer does not offer it,5.0,A better understanding of the benefits,Under N$500,Dental;Maternity cover;Emergency cover,Costs,Neutral
18-24,Employed full-time,"N$10,000 - N$25,000",Khomas Region,Yes,Yes,Topaz,Very positive,I have heard figures but I am not sure,,,,,Optical;Mental health support;Emergency cover,Most likely due to financial difficulties ,Positive
18-24,Unemployed,Prefer not to say,Khomas Region,No,No,,,"No, I have no idea",I have never thought about it,1.0,A better understanding of the benefits,Under N$500,Dental,Because they do not understand the benefits and I think it's because they think it's for employed people only.,Neutral
25-30,Employed part-time,"N$10,000 - N$25,000",Other urban area,No,Yes,Topaz Plus,Neutral,I have heard figures but I am not sure,Too expensive,5.0,My employer covering part or all of the cost,Under N$500,Hospitalisation;Chronic medication;Mental health support,Because the price is to high for monthly deductions ,Positive
25-30,Employed full-time,"N$5,000 - N$10,000",Khomas Region,Yes,Yes,Topaz Plus,Somewhat positive,"Yes, I have a good idea",,,,,Doctor visits;Hospitalisation;Dental,"They don’t avoid it, they can’t afford it.",Neutral
18-24,Student,Prefer not to say,Other urban area,No,Yes,None of the above,I have never heard of them,I have heard figures but I am not sure,Other,5.0,Other,Under N$500,Doctor visits;Dental;Mental health support,Many young Namibians tends to forgot medical aid due to its perceived cost and a sense of invulnerability associated with youth,Positive
25-30,Employed full-time,"N$5,000 - N$10,000",Khomas Region,No,Yes,Topaz;Topaz Plus;Emerald;Amber;Opal;Jade;Ruby;Emerald Plus;Amber Plus,Neutral,"Yes, I have a good idea",Too expensive;My employer does not offer it,5.0,Lower monthly cost;My employer covering part or all of the cost;More flexible or customisable plan;A promotional offer or incentive,"N$500 - N$1,000",Doctor visits;Dental;Optical;Mental health support;Emergency cover,Finances and not using all the benefits.,Neutral
25-30,Unemployed,"N$5,000 - N$10,000",Khomas Region,Yes,Yes,Topaz;Topaz Plus;Emerald;Amber;Opal;Ruby;Emerald Plus;Amber Plus,Very positive,"Yes, I have a good idea",,,,,Doctor visits;Hospitalisation;Chronic medication;Dental;Optical;Maternity cover;Mental health support;Emergency cover,"It is very costly, and doesn't accommodate unemployed people ",Positive
25-30,Employed full-time,"Above N$20,000",Khomas Region,Yes,Yes,None of the above,Very positive,I have heard figures but I am not sure,Other,3.0,My employer covering part or all of the cost,"N$1,000 - N$2,000",Dental;Optical,Unemployment ,Neutral
31-35,Self-employed,"N$10,000 - N$25,000",Other urban area,No,Yes,Emerald Plus,Neutral,"Yes, I have a good idea",Too expensive,3.0,Lower monthly cost,Under N$500,Emergency cover,Expensive ,Negative
25-30,Employed part-time,"N$5,000 - N$10,000",Other urban area,No,No,,,I have heard figures but I am not sure,My employer does not offer it,3.0,A better understanding of the benefits,Under N$500,Hospitalisation;Optical;Emergency cover,Fear of paying ,Neutral
31-35,Employed full-time,"Above N$20,000",Other urban area,No,Yes,Topaz;Topaz Plus;Emerald;Amber;Opal;Jade;Ruby;Emerald Plus;Amber Plus,Neutral,I have heard figures but I am not sure,Too expensive,5.0,My employer covering part or all of the cost,"N$500 - N$1,000",Doctor visits;Hospitalisation;Maternity cover,It’s expensive ,Negative
25-30,Unemployed,"Under N$5,000",Khomas Region,No,Yes,None of the above,,I have heard figures but I am not sure,I do not fully understand how it works,3.0,My employer covering part or all of the cost,"N$500 - N$1,000",Doctor visits;Hospitalisation;Chronic medication;Dental;Optical;Maternity cover;Mental health support;Emergency cover,Because of funds,Neutral
Prefer not to say,Unemployed,"Under N$5,000",Other urban area,No,No,,,"No, I have no idea",Other,1.0,Other,"N$500 - N$1,000",Doctor visits;Dental;Optical,No money to pay for it ,Neutral
25-30,Employed full-time,"N$5,000 - N$10,000",Khomas Region,Yes,Yes,Topaz;Topaz Plus;Jade,Neutral,"Yes, I have a good idea",,,,,Dental,"I don’t think young Namibians avoid medical I think they are just not well informed, they probably think you have to be employed to qualify for medical aid. And the informed young people just can’t afford medical aid because it’s so expensive.",Negative
25-30,Employed full-time,"N$5,000 - N$10,000",Khomas Region,Yes,Yes,Topaz Plus,Neutral,"Yes, I have a good idea",,,,,Doctor visits;Hospitalisation;Dental;Optical;Mental health support,"I do not think the youth avoids it intentionally. More of, they have no choice because of funds.",Positive
18-24,Employed full-time,"N$5,000 - N$10,000",Other urban area,No,Yes,Topaz;Topaz Plus;Emerald;Amber;Opal;Jade;Ruby;Emerald Plus;Amber Plus,Very positive,"Yes, I have a good idea",Too expensive;My employer does not offer it;Other,5.0,My employer covering part or all of the cost;A promotional offer or incentive,"N$1,000 - N$2,000",Doctor visits;Maternity cover;Emergency cover,"The cost of the medical aids is not on par with what most Namibians are earning. The other is that the lower options of medical aids do not cover hospitalisation,  except for NMC toaz plus.",Positive
Prefer not to say,Employed full-time,"Above N$20,000",Khomas Region,Yes,Yes,Jade;Ruby;Emerald Plus;Amber Plus,Somewhat positive,I have heard figures but I am not sure,,,,,Dental,Affordability ,Neutral
25-30,Employed full-time,"N$5,000 - N$10,000",Other urban area,Yes,Yes,None of the above,Neutral,I have heard figures but I am not sure,,,,,Doctor visits;Dental;Emergency cover,Monthly deductions ,Neutral
25-30,Unemployed,"Under N$5,000",Khomas Region,No,Yes,None of the above,Neutral,"No, I have no idea",Too expensive,3.0,My employer covering part or all of the cost,Under N$500,Doctor visits;Dental;Optical,"Because they cannot afford it, or they think its an unnecessary expense. ",Negative
18-24,Student,"Under N$5,000",Khomas Region,No,No,,,I have heard figures but I am not sure,Too expensive;I am young and healthy - I do not need it yet;I do not fully understand how it works;My employer does not offer it;I use alternatives like cash or pay for health insurance;I have never thought about it;Other,1.0,Lower monthly cost;My employer covering part or all of the cost;A better understanding of the benefits;More flexible or customisable plan;A recommendation from someone I trust;A promotional offer or incentive;Other,Under N$500,Doctor visits;Dental;Emergency cover,Its expensive and some cant afford,Negative
25-30,Unemployed,"Under N$5,000",Khomas Region,No,Maybe,,,"No, I have no idea",Other,1.0,Lower monthly cost;A recommendation from someone I trust,Under N$500,Doctor visits;Hospitalisation;Dental,It's too costly to them,Neutral
18-24,Student,"Under N$5,000",Khomas Region,No,No,,,"No, I have no idea",Other,3.0,Lower monthly cost,Under N$500,Doctor visits;Optical;Mental health support,Because many Namibians think medical aid is expensive ,Neutral
18-24,Student,"Under N$5,000",Other urban area,Yes,Yes,None of the above,Very positive,I have heard figures but I am not sure,,,,,Doctor visits;Hospitalisation;Maternity cover,Because they are expensive ,Negative
Prefer not to say,Employed full-time,"N$10,000 - N$25,000",Khomas Region,Yes,Yes,Topaz;Topaz Plus;Emerald;Amber;Opal;Jade;Ruby;Emerald Plus;Amber Plus,Very positive,"Yes, I have a good idea",,,,,Hospitalisation;Maternity cover;Emergency cover,Because it’s expensive and they cannot afford,Negative
25-30,Employed full-time,"N$10,000 - N$25,000",Khomas Region,No,Yes,Topaz Plus,Neutral,I have heard figures but I am not sure,I do not fully understand how it works,5.0,Lower monthly cost;A better understanding of the benefits;More flexible or customisable plan,Under N$500,Doctor visits;Hospitalisation;Dental;Optical;Maternity cover;Mental health support;Emergency cover,Very ignorant and maybe financial incompetence ,Positive
25-30,Unemployed,Prefer not to say,Other urban area,No,No,,,"No, I have no idea",Other,3.0,Other,"N$500 - N$1,000",Doctor visits;Chronic medication;Maternity cover,High rate of unemployment and lack of knowledge how medical aid works. ,Positive
31-35,Employed full-time,"N$5,000 - N$10,000",Other urban area,Yes,Yes,Emerald;Opal;Jade;Ruby,Somewhat positive,"Yes, I have a good idea",,,,,Doctor visits;Chronic medication;Mental health support,"We don’t, that’s the thing. Or maybe not the ones I know.",Neutral
25-30,Employed full-time,"N$5,000 - N$10,000",Rural area,Yes,No,None of the above,Somewhat negative,"No, I have no idea",I use alternatives like cash or pay for health insurance,2.0,A promotional offer or incentive,I would not pay for it at all,Doctor visits;Chronic medication;Optical,I have no idea ,Neutral
18-24,Student,Prefer not to say,Khomas Region,No,Yes,,Very positive,I have heard figures but I am not sure,I use alternatives like cash or pay for health insurance,3.0,More flexible or customisable plan,Under N$500,Doctor visits;Dental;Maternity cover,Because it's expensive ,Negative
18-24,Employed full-time,Prefer not to say,Other urban area,No,Yes,Emerald;Amber;Jade;Ruby,Somewhat positive,"No, I have no idea",Other,3.0,A better understanding of the benefits,Under N$500,Doctor visits;Hospitalisation;Dental;Optical;Maternity cover;Emergency cover,Most have lower income rate or it could be unemployment . ,Positive
31-35,Employed full-time,"Above N$20,000",Khomas Region,Yes,Yes,Topaz;Topaz Plus;Emerald;Amber;Opal;Jade;Ruby;Emerald Plus;Amber Plus,Somewhat positive,"Yes, I have a good idea",,,,,Doctor visits;Maternity cover;Emergency cover,"It’s expensive, especially when paying the full premium out of pocket.",Negative
Prefer not to say,Employed full-time,"N$10,000 - N$25,000",Khomas Region,Yes,Yes,None of the above,Somewhat positive,"No, I have no idea",,,,,Doctor visits;Chronic medication;Optical,Private medical aid is expensive ,Negative
25-30,Self-employed,"Under N$5,000",Other urban area,No,No,,,"No, I have no idea",I do not fully understand how it works,1.0,Lower monthly cost,Under N$500,Hospitalisation;Dental;Maternity cover,Because of financial difficulties ,Neutral
18-24,Employed part-time,"N$5,000 - N$10,000",Khomas Region,No,Yes,Topaz;Topaz Plus;Emerald;Amber;Opal;Jade;Ruby;Emerald Plus;Amber Plus,Neutral,"Yes, I have a good idea",My employer does not offer it;I use alternatives like cash or pay for health insurance,4.0,My employer covering part or all of the cost;A better understanding of the benefits;More flexible or customisable plan,"N$500 - N$1,000",Doctor visits;Dental;Optical,Cause they are broke,Neutral
31-35,Employed full-time,"N$5,000 - N$10,000",Rural area,No,No,None of the above,,I have heard figures but I am not sure,My employer does not offer it,3.0,A better understanding of the benefits,Under N$500,Doctor visits;Chronic medication;Dental,Ignorant and lack of information about the important of medical aid .,Positive
18-24,Employed part-time,"N$5,000 - N$10,000",Khomas Region,Yes,Yes,None of the above,Neutral,"Yes, I have a good idea",,,,,Hospitalisation;Dental;Maternity cover,They think it’s not important until they start working or are sick,Negative
18-24,Employed full-time,"N$10,000 - N$25,000",Khomas Region,No,Yes,None of the above,Neutral,I have heard figures but I am not sure,I do not fully understand how it works,3.0,A better understanding of the benefits,"N$500 - N$1,000",Hospitalisation;Dental;Emergency cover,They can’t afford it.,Neutral
25-30,Employed full-time,"N$10,000 - N$25,000",Khomas Region,Yes,Yes,Topaz;Topaz Plus;Emerald;Amber;Opal;Jade;Ruby;Emerald Plus;Amber Plus,Neutral,"Yes, I have a good idea",,,,,Doctor visits;Hospitalisation;Emergency cover,The high cost!,Positive
18-24,Employed full-time,"Under N$5,000",Khomas Region,Yes,No,,,I have heard figures but I am not sure,,,,,Emergency cover,"I don’t think they avoid it , they just can’t afford because of the salaries they’re earning, overall everyone wants to have a medical aid, if they could , they would. ",Positive
25-30,Employed full-time,"N$10,000 - N$25,000",Khomas Region,Yes,No,,Neutral,"No, I have no idea",,,,,Doctor visits,It’s costly ,Neutral
31-35,Employed full-time,"N$10,000 - N$25,000",Other urban area,Yes,Yes,,,"Yes, I have a good idea",,,,,Doctor visits;Hospitalisation;Chronic medication;Dental;Optical;Maternity cover;Mental health support;Emergency cover,It’s expensive ,Negative
25-30,Student,"Under N$5,000",Other urban area,No,No,None of the above,,"No, I have no idea",,1.0,Lower monthly cost;My employer covering part or all of the cost;A better understanding of the benefits,"N$500 - N$1,000",Doctor visits;Dental;Maternity cover,Expensive ,Negative
25-30,Unemployed,"Under N$5,000",Khomas Region,No,Yes,Topaz Plus;Emerald;Amber;Opal;Jade;Ruby,Neutral,"Yes, I have a good idea",Too expensive,3.0,Lower monthly cost,Under N$500,Doctor visits;Hospitalisation;Chronic medication;Dental;Optical;Mental health support;Emergency cover,They don't know the value and the affordability based on assumption ,Neutral
31-35,Employed full-time,"N$10,000 - N$25,000",Khomas Region,Yes,Yes,Topaz;Topaz Plus;Emerald;Amber;Opal;Jade;Ruby;Emerald Plus;Amber Plus,Somewhat negative,"Yes, I have a good idea",,,,,Doctor visits;Optical;Maternity cover,It’s expensive.,Negative
25-30,Unemployed,"N$5,000 - N$10,000",Other urban area,No,Yes,None of the above,Very positive,"No, I have no idea",On short-term contract which does not offer medical aid,1.0,A better understanding of the benefits,Under N$500,Doctor visits,I have no idea.,Neutral
18-24,Student,Prefer not to say,Khomas Region,No,No,None of the above,I have never heard of them,"No, I have no idea",I have never thought about it,1.0,Other,I would not pay for it at all,Dental;Optical,The cost of paying for it,Neutral
25-30,Employed full-time,"N$10,000 - N$25,000",Other urban area,Yes,Yes,Topaz;Topaz Plus;Emerald;Amber;Opal;Jade;Ruby;Emerald Plus;Amber Plus,Somewhat positive,"Yes, I have a good idea",,,,,Doctor visits;Chronic medication;Maternity cover,I think because of affordability and they might not know the full benefits of medical aid.,Positive
Prefer not to say,Employed full-time,"Above N$20,000",Khomas Region,Yes,Yes,Ruby;Emerald Plus,Very positive,"Yes, I have a good idea",,,,,Doctor visits;Hospitalisation;Dental;Maternity cover,Due to financial difficulties ,Negative
25-30,Employed full-time,"N$5,000 - N$10,000",Other urban area,No,No,,,"No, I have no idea",My employer does not offer it,4.0,Lower monthly cost;A better understanding of the benefits;More flexible or customisable plan;A recommendation from someone I trust,Under N$500,Doctor visits,We do not qualify and there are no medical aid service providers that want to accept cash sustomers. ,Neutral
25-30,Self-employed,"N$10,000 - N$25,000",Khomas Region,No,No,,,I have heard figures but I am not sure,I do not fully understand how it works,1.0,A better understanding of the benefits,Under N$500,Hospitalisation;Maternity cover;Emergency cover,It’s expensive and people don’t understand it well enough to apply for it.,Negative
25-30,Employed full-time,"N$10,000 - N$25,000",Khomas Region,Yes,Yes,Topaz;Topaz Plus;Emerald;Ruby,,"Yes, I have a good idea",,,,,Doctor visits;Hospitalisation;Dental;Maternity cover,"Mostly due to being unemployed, therefore affects affordability ",Negative
18-24,Self-employed,"Under N$5,000",Khomas Region,No,No,,,"Yes, I have a good idea",,3.0,Lower monthly cost,Under N$500,Doctor visits;Hospitalisation;Emergency cover,It’s expensive ,Negative
25-30,Unemployed,"Under N$5,000",Khomas Region,No,No,,,"Yes, I have a good idea",,5.0,Lower monthly cost,Under N$500,Optical;Maternity cover;Emergency cover,It's very experienced and many young Namibians will not afford it.,Positive
25-30,Unemployed,"Under N$5,000",Khomas Region,No,No,,,I have heard figures but I am not sure,"Currently unemployed, I won’t be able to afford it ",5.0,A better understanding of the benefits,Under N$500,Emergency cover,"Most young people feel they don’t get sick often, so they think:
Why pay every month for something I barely use?",Negative
25-30,Employed full-time,"N$10,000 - N$25,000",Other urban area,Yes,No,,,"No, I have no idea",,,,,Doctor visits,They are been deducted for something they hardly or not use at all ..one can get sick after 10 years ,Negative
31-35,Employed full-time,"N$5,000 - N$10,000",Other urban area,No,No,,,"No, I have no idea",I do not fully understand how it works,5.0,A promotional offer or incentive,Under N$500,Emergency cover,They think they will not fall sick ,Negative
18-24,Student,Prefer not to say,Other urban area,No,No,,,"No, I have no idea",I have never thought about it,1.0,Other,I would not pay for it at all,Emergency cover,There are public hospitals to attend to so I don't see a need to have medical aid ,Neutral
25-30,Unemployed,"Under N$5,000",Khomas Region,No,No,,,"No, I have no idea",Student ,2.0,A better understanding of the benefits,"N$500 - N$1,000",Emergency cover,They do not see the importance until in a life threatening condition ,Neutral
31-35,Student,"Under N$5,000",Khomas Region,No,Yes,None of the above,Neutral,I have heard figures but I am not sure,My employer does not offer it,1.0,Other,I would not pay for it at all,Mental health support,It's ripping us off and it's not affordable to the average Namibian ,Negative
18-24,Student,Prefer not to say,Rural area,Yes,Maybe,None of the above,,"No, I have no idea",,,,,Emergency cover,I really don’t know because I can not decide for others ,Positive
18-24,Unemployed,"Under N$5,000",Other urban area,No,Maybe,None of the above,I have never heard of them,"No, I have no idea",fell of parents medical aid plan as am not a registered student ,1.0,Other,"N$500 - N$1,000",Doctor visits;Dental;Optical,they don't have the finaces to fund it,Neutral
25-30,Student,"N$10,000 - N$25,000",Other urban area,No,Yes,Topaz;Emerald;Opal;Jade;Ruby;Emerald Plus;Amber Plus,Very positive,I have heard figures but I am not sure,Still a student ,3.0,Lower monthly cost;A better understanding of the benefits;A recommendation from someone I trust;A promotional offer or incentive,Under N$500,Doctor visits;Hospitalisation;Dental;Mental health support;Emergency cover,Due to misinformation or misunderstanding from different sources ,Negative
25-30,Employed full-time,"N$10,000 - N$25,000",Khomas Region,Yes,No,,,I have heard figures but I am not sure,,,,,Hospitalisation;Dental;Maternity cover,Too expensive ,Negative
18-24,Student,"Under N$5,000",Khomas Region,No,No,,,"Yes, I have a good idea",Too expensive,1.0,Lower monthly cost,"N$500 - N$1,000",Doctor visits;Dental;Optical,Fear or stigma ,Neutral
31-35,Unemployed,Prefer not to say,Khomas Region,No,No,,,,Too expensive;Don’t have money ,3.0,Lower monthly cost;A recommendation from someone I trust;A promotional offer or incentive,Under N$500,Doctor visits;Hospitalisation;Dental;Maternity cover;Emergency cover,Too expensive ,Negative
25-30,Student,Prefer not to say,Other urban area,Yes,No,None of the above,I have never heard of them,I have heard figures but I am not sure,,,,,Doctor visits;Optical;Mental health support,They think it’s expensive.,Negative
31-35,Employed part-time,"Under N$5,000",Other urban area,Yes,No,,Somewhat negative,I have heard figures but I am not sure,My employer does not offer it,3.0,A better understanding of the benefits;A recommendation from someone I trust,"N$500 - N$1,000",Doctor visits;Hospitalisation;Chronic medication;Dental;Optical;Maternity cover;Mental health support;Emergency cover,Too expensive,Negative
25-30,Employed part-time,Prefer not to say,Khomas Region,Yes,Yes,Amber;Jade;Ruby,I have never heard of them,"No, I have no idea",,,,,Doctor visits;Dental;Emergency cover,It’s expensive. ,Negative
25-30,Employed full-time,"N$10,000 - N$25,000",Other urban area,Yes,Yes,Jade,Neutral,"Yes, I have a good idea",,,,,Doctor visits;Chronic medication,It is extremely expensive to cover as an individual.,Negative
25-30,Unemployed,Prefer not to say,Khomas Region,No,No,,,"No, I have no idea",I’m unemployed ,5.0,Lower monthly cost,Under N$500,Chronic medication,Maybe because it is costly and sometimes they don’t use it.They already do not earn enough.,Neutral
Prefer not to say,Self-employed,"N$10,000 - N$25,000",Other urban area,Yes,Yes,Ruby,Somewhat negative,"Yes, I have a good idea",,,Lower monthly cost,"N$500 - N$1,000",Doctor visits;Hospitalisation;Chronic medication,Too expensive,Negative
25-30,Unemployed,Prefer not to say,Khomas Region,No,No,None of the above,,"No, I have no idea",I can’t afford ,1.0,Other,Under N$500,Hospitalisation,"Some can’t afford due to unemployment 
Others dont have a clear understanding or thyre salaries does allow",Negative
25-30,Employed full-time,"N$10,000 - N$25,000",Rural area,Yes,Yes,Amber,Somewhat positive,"No, I have no idea",,,,,Doctor visits;Hospitalisation;Chronic medication;Dental;Maternity cover;Mental health support;Emergency cover,Costly and they think they are healthy.,Positive
18-24,Unemployed,Prefer not to say,Rural area,Yes,No,,,"No, I have no idea",,,,,Doctor visits;Hospitalisation;Dental;Maternity cover;Emergency cover,"We can't afford it, ",Neutral
25-30,Employed full-time,"Above N$20,000",Other urban area,Yes,No,,,I have heard figures but I am not sure,,,,,Doctor visits,"They can't afford to pay monthly  or just igno-
rant with their health. ",Neutral
18-24,Student,Prefer not to say,Khomas Region,No,Yes,Emerald,Neutral,"No, I have no idea",I have never thought about it,5.0,More flexible or customisable plan,Under N$500,Emergency cover,They are not exposed to such information yet.,Neutral
18-24,Student,"Under N$5,000",Khomas Region,Yes,Yes,None of the above,I have never heard of them,I have heard figures but I am not sure,I do not fully understand how it works,5.0,Lower monthly cost;A better understanding of the benefits,"N$500 - N$1,000",Dental;Optical;Mental health support,"It’s too expensive, and often times the benefits are limited if you can’t upgrade ",Negative
31-35,Employed full-time,"N$10,000 - N$25,000",Other urban area,Yes,Maybe,,,I have heard figures but I am not sure,,,,,Doctor visits;Maternity cover;Emergency cover,It’s expensive and they hardly use it ,Negative
18-24,Employed part-time,"Under N$5,000",Other urban area,No,No,,,"No, I have no idea",My employer does not offer it,5.0,Lower monthly cost;A better understanding of the benefits;A recommendation from someone I trust;A promotional offer or incentive,Under N$500,Chronic medication;Dental;Maternity cover,"1.Some think it's not needed.
2.They can't afford.",Neutral
25-30,Employed full-time,"N$10,000 - N$25,000",Other urban area,Yes,Yes,,,,,,,,Doctor visits,Medical aid pacakages too exepnsive making in impossible to save money in some cases.,Negative
25-30,Student,Prefer not to say,Other urban area,No,No,,,I have heard figures but I am not sure,I was on my mom's medical aid ,4.0,Lower monthly cost;My employer covering part or all of the cost;A better understanding of the benefits;More flexible or customisable plan,Under N$500,Doctor visits;Hospitalisation;Dental;Optical;Maternity cover;Emergency cover,Because they can't afford it or unemployed ,Neutral
18-24,Student,Prefer not to say,Other urban area,No,No,,,"Yes, I have a good idea",Too expensive;,1.0,Other,"N$500 - N$1,000",Doctor visits;Hospitalisation;Chronic medication;Dental;Optical;Maternity cover;Mental health support;Emergency cover,Some really just can’t afford,Positive
18-24,Student,"Under N$5,000",Khomas Region,No,No,,,I have heard figures but I am not sure,Too expensive,1.0,Lower monthly cost,Under N$500,Chronic medication,The cost  its too expensive and we are students we dont have money,Negative
25-30,Employed full-time,"N$10,000 - N$25,000",Rural area,Yes,No,,,"Yes, I have a good idea",,,,,Doctor visits;Dental;Mental health support,"I wouldn’t know if they avoid medical aid because the young ones I know use it,including myself.",Positive
25-30,Employed full-time,"Above N$20,000",Khomas Region,Yes,Yes,Topaz;Topaz Plus;Emerald;Amber;Opal;Jade;Ruby;Emerald Plus;Amber Plus,Somewhat positive,"Yes, I have a good idea",,,,,Doctor visits;Chronic medication;Dental;Optical;Mental health support;Emergency cover,"Because there is less transparency for what you are being charged when you visit a doctor, dentist, pharmacy etc. Also, some packages, especially hospital plans, get depleted very quickly with limited benefits. ",Positive
18-24,Student,Prefer not to say,Khomas Region,No,No,,,"No, I have no idea",Too expensive,1.0,A better understanding of the benefits,I would not pay for it at all,Doctor visits;Dental;Mental health support,Medical aid can be costly and they might not afford it!,Neutral
18-24,Student,"Under N$5,000",Khomas Region,No,No,,,I have heard figures but I am not sure,Too expensive;I do not fully understand how it works,4.0,Lower monthly cost;My employer covering part or all of the cost;A better understanding of the benefits,"N$500 - N$1,000",Doctor visits;Mental health support;Emergency cover,"No means of income, and also because there's lack of awareness when it comes to medical aid.",Neutral
25-30,Employed full-time,"Above N$20,000",Other urban area,Yes,Yes,Ruby,Neutral,I have heard figures but I am not sure,,,,,Doctor visits,Unnecessary expensive ,Negative
25-30,Employed full-time,"Above N$20,000",Other urban area,Yes,Yes,Ruby,Somewhat negative,"Yes, I have a good idea",,,,,Doctor visits;Maternity cover,It’s expensive ,Negative
31-35,Employed full-time,"N$10,000 - N$25,000",Other urban area,Yes,No,,,I have heard figures but I am not sure,,,,,Doctor visits;Hospitalisation;Dental;Optical;Emergency cover,They think it is a waste of money ,Negative
18-24,Student,"Under N$5,000",Other urban area,Yes,No,,,"No, I have no idea",,,,,Doctor visits,Its costs alot,Neutral
25-30,Self-employed,"Under N$5,000",Other urban area,No,No,,I have never heard of them,I have heard figures but I am not sure,My employer does not offer it,5.0,Lower monthly cost;A better understanding of the benefits;More flexible or customisable plan,Under N$500,Doctor visits;Mental health support;Emergency cover,Since not everyone can afford and not all companies offer medical aid. ,Neutral
25-30,Employed full-time,Prefer not to say,Other urban area,Yes,Yes,Jade,Very positive,"Yes, I have a good idea",,,,,Optical,Unaffordable ,Neutral
25-30,Student,Prefer not to say,Khomas Region,No,No,,,"No, I have no idea",,1.0,My employer covering part or all of the cost,Under N$500,Doctor visits,Cause of the price,Neutral
18-24,Employed full-time,"N$10,000 - N$25,000",Khomas Region,Yes,Yes,Topaz;Emerald;Amber;Opal;Jade;Ruby,Neutral,"Yes, I have a good idea",,,,,Doctor visits;Hospitalisation;Dental;Optical;Maternity cover;Mental health support,"I wasn’t aware that they avoid it, well I have Psemas which is super affordable but perhaps if I was working in corporate I would complain about how expensive medical aid is. I was on my moms medical aid before I started working and we had nmc but she switched to NHP saying NHP had better benefits compared to the latter. I don’t think Psemas patients have an issue, maybe youth in private, could be that some have beneficiaries and it is honestly so expensive ",Positive
25-30,Unemployed,"Under N$5,000",Other urban area,No,Yes,,,"No, I have no idea",My employer does not offer it,3.0,Lower monthly cost;My employer covering part or all of the cost;More flexible or customisable plan,Under N$500,Hospitalisation;Chronic medication;Maternity cover;Mental health support;Emergency cover,Simply because they can not afford the cost thereof.,Neutral
25-30,Employed full-time,"N$10,000 - N$25,000",Khomas Region,Yes,No,,,"Yes, I have a good idea",,,,,Doctor visits;Hospitalisation;Emergency cover,Medical aids have become expensive and as young adults they are not affordable ,Negative
31-35,Employed full-time,"Above N$20,000",Khomas Region,Yes,Yes,Ruby,Neutral,"Yes, I have a good idea",,,,,Hospitalisation;Chronic medication;Optical,It’s expensive ,Negative
25-30,Employed full-time,"N$10,000 - N$25,000",Other urban area,Yes,Maybe,,,"Yes, I have a good idea",,,,,Doctor visits;Hospitalisation;Optical,Because of their good health status. They are not well informed on the benefits. ,Positive
18-24,Student,Prefer not to say,Khomas Region,Yes,No,,I have never heard of them,"Yes, I have a good idea",,,,,Chronic medication;Mental health support,"Ignorance 
Lack of information ",Neutral
25-30,Unemployed,Prefer not to say,Khomas Region,No,Yes,None of the above,Neutral,I have heard figures but I am not sure,I'm unemployed,1.0,Lower monthly cost,Under N$500,Doctor visits;Hospitalisation;Chronic medication,They avoid it because they deem it as too costly,Neutral
25-30,Employed full-time,"Above N$20,000",Rural area,Yes,No,,,I have heard figures but I am not sure,,,,,Chronic medication,They don’t want to be paying monthly for something they might not use in while.,Neutral
31-35,Employed full-time,"Above N$20,000",Other urban area,Yes,No,,,I have heard figures but I am not sure,,,,,Doctor visits;Hospitalisation;Maternity cover,Lack of understanding of the benefits associated with medical aid. But primarily due to costs,Negative
25-30,Employed full-time,"N$10,000 - N$25,000",Other urban area,Yes,Yes,Topaz;Topaz Plus;Emerald;Amber;Opal;Jade;Ruby;Emerald Plus;Amber Plus,Very positive,"Yes, I have a good idea",,,,,Doctor visits;Dental;Maternity cover;Mental health support,Expense of having to pay ,Neutral
31-35,Employed full-time,"N$10,000 - N$25,000",Khomas Region,Yes,Yes,Topaz;Topaz Plus;Emerald;Amber;Opal;Jade;Ruby;Emerald Plus;Amber Plus,Neutral,"Yes, I have a good idea",,,,,Doctor visits;Dental;Optical;Mental health support;Emergency cover,It’s expensive. Most medical aid options cost too much for the average salary of a young Namibian. If we could build the ideal medical aid with options that suit our needs and can be adjusted for growth and lifestyle change that would be great. ,Positive
31-35,Employed full-time,"N$10,000 - N$25,000",Rural area,Yes,No,,I have never heard of them,"Yes, I have a good idea",,,,,Hospitalisation,They can’t afford. ,Neutral
18-24,Unemployed,Prefer not to say,Other urban area,No,No,,I have never heard of them,"No, I have no idea",I do not fully understand how it works,1.0,A better understanding of the benefits,Under N$500,Hospitalisation;Maternity cover,Is too expensive ,Negative
18-24,Unemployed,"Under N$5,000",Other urban area,No,No,None of the above,Very positive,"No, I have no idea",I have never thought about it,3.0,More flexible or customisable plan,Under N$500,Doctor visits,It’s expensive ,Negative
31-35,Employed full-time,"N$10,000 - N$25,000",Khomas Region,Yes,Yes,Topaz Plus;Emerald;Jade,Very positive,"Yes, I have a good idea",,,,,Hospitalisation;Optical;Maternity cover,Its not affordable.,Neutral
31-35,Employed full-time,"N$10,000 - N$25,000",Khomas Region,Yes,Yes,Ruby,Very positive,"Yes, I have a good idea",,,,,Doctor visits;Hospitalisation;Chronic medication;Dental;Optical,"Perception that it is very expensive, and don’t anticipate to fall ill",Negative
25-30,Employed part-time,"Under N$5,000",Other urban area,No,No,,,I have heard figures but I am not sure,On short-term contract which does not offer medical aid,5.0,A promotional offer or incentive,"N$500 - N$1,000",Hospitalisation;Chronic medication;Mental health support,"Hospitals overcharging  patients, 
Unclear information  given by people giving medical aid",Neutral
18-24,Student,"Under N$5,000",Khomas Region,No,Yes,Topaz,I have never heard of them,I have heard figures but I am not sure,Too expensive;I use alternatives like cash or pay for health insurance,3.0,A better understanding of the benefits,"N$500 - N$1,000",Hospitalisation;Chronic medication;Emergency cover,"Mainly because of the high youth unemployment and tight budgets. Contributions can seem expensive compared to income, so priorities shift toward immediate needs rather than long-term health planning and most of us lack awareness about the long-term benefits of medical aid.
",Positive
Prefer not to say,Employed full-time,"N$10,000 - N$25,000",Khomas Region,Yes,No,None of the above,,"Yes, I have a good idea",,,,,Doctor visits;Hospitalisation;Dental,Because majority can not afford,Neutral
25-30,Employed full-time,"N$10,000 - N$25,000",Other urban area,Yes,Yes,Ruby,Neutral,"Yes, I have a good idea",,,,,Hospitalisation,Because they don’t get sick occasionally.,Negative
25-30,Employed full-time,"N$5,000 - N$10,000",Other urban area,Yes,Yes,Jade,Somewhat positive,"Yes, I have a good idea",,,,,Doctor visits;Hospitalisation;Chronic medication;Emergency cover,"Cause they feel like it’s not a need, until something seriously happens especially if you have a child/dren you need to have medical aid.",Negative
31-35,Employed full-time,"Above N$20,000",Other urban area,Yes,Yes,Topaz;Topaz Plus;Emerald;Amber;Opal;Jade;Ruby;Emerald Plus;Amber Plus,Somewhat negative,"Yes, I have a good idea",,,,,Doctor visits;Hospitalisation;Dental;Optical;Mental health support;Emergency cover,"Too expensive.
They are not well informed on how it works.",Negative
25-30,Student,"N$5,000 - N$10,000",Khomas Region,No,Maybe,None of the above,I have never heard of them,"No, I have no idea",My employer does not offer it,3.0,Lower monthly cost;My employer covering part or all of the cost;A better understanding of the benefits,Under N$500,Hospitalisation;Maternity cover;Emergency cover,Lack of knowledge ,Neutral
18-24,Employed full-time,"N$10,000 - N$25,000",Khomas Region,Yes,No,,,I have heard figures but I am not sure,,,,"N$1,000 - N$2,000",Doctor visits;Dental;Optical,"I’m really not sure since it’s a basic human need. Probably because they don’t want to pay, or they don’t understand the importance and benefit of having health cover.",Negative
25-30,Employed full-time,"Above N$20,000",Khomas Region,Yes,Yes,Emerald;Ruby,Somewhat positive,I have heard figures but I am not sure,,,,,Doctor visits;Hospitalisation;Maternity cover,"They probably do not know much about its benefits, and they might not afford it.",Positive
25-30,Employed full-time,"N$10,000 - N$25,000",Khomas Region,Yes,Yes,Topaz;Amber;Jade,Somewhat positive,I have heard figures but I am not sure,,,,,Doctor visits;Dental;Emergency cover,The don’t find it necessary because they’re generally healthy,Positive
18-24,Unemployed,"Under N$5,000",Khomas Region,No,Yes,Topaz Plus,Very positive,"Yes, I have a good idea",,3.0,Other,"N$500 - N$1,000",Doctor visits;Hospitalisation;Chronic medication;Dental;Optical;Maternity cover;Mental health support;Emergency cover,Because they can’t afford to pay for it.,Neutral
25-30,Unemployed,"Under N$5,000",Rural area,No,No,,I have never heard of them,I have heard figures but I am not sure,Too expensive,3.0,Lower monthly cost,"N$500 - N$1,000",Doctor visits,Financial issues ,Neutral
18-24,Student,"Under N$5,000",Other urban area,Yes,No,,,I have heard figures but I am not sure,,,,,Doctor visits;Hospitalisation;Emergency cover,It’s costly for those who don’t have parents or siblings working in the government ,Neutral
25-30,Student,"Under N$5,000",Khomas Region,No,No,,,"No, I have no idea",I’m still searching or looking for options that works for someone like me -unemployed student ,4.0,More flexible or customisable plan,"N$500 - N$1,000",Doctor visits;Hospitalisation;Optical;Mental health support,Because it is not fully discussed and explained and being unemployed makes it difficult to get medical aid that works for us ,Negative
18-24,Employed full-time,"Under N$5,000",Other urban area,No,No,None of the above,I have never heard of them,I have heard figures but I am not sure,I do not fully understand how it works,1.0,Lower monthly cost,Under N$500,Chronic medication,Because I don't think young Namibians take their health seriously.,Negative
18-24,Unemployed,Prefer not to say,Other urban area,No,No,,,"No, I have no idea",Too expensive,3.0,Lower monthly cost,Under N$500,Doctor visits;Maternity cover,Too expensive ,Negative
18-24,Student,"Under N$5,000",Khomas Region,No,No,,,"No, I have no idea",Too expensive,1.0,Lower monthly cost,I would not pay for it at all,Chronic medication;Dental;Emergency cover,"Due to low income have no any stable income, most of the young Namibians are unemployed and some are student ",Positive
18-24,Unemployed,"Under N$5,000",Rural area,No,No,,,I have heard figures but I am not sure,Too expensive;I do not fully understand how it works,1.0,Lower monthly cost;My employer covering part or all of the cost;A better understanding of the benefits;More flexible or customisable plan,Under N$500,Doctor visits;Chronic medication;Emergency cover,It's costly. Especially to the unemployed youth.,Neutral
25-30,Employed full-time,"N$10,000 - N$25,000",Other urban area,Yes,No,None of the above,Somewhat positive,I have heard figures but I am not sure,,,,,Doctor visits;Hospitalisation;Chronic medication;Dental;Optical;Maternity cover;Mental health support;Emergency cover,Medical aid is very expensive,Negative
18-24,Student,Prefer not to say,Khomas Region,No,Yes,Ruby,Neutral,I have heard figures but I am not sure,,1.0,Other,"N$500 - N$1,000",Hospitalisation,They avoid it because they don't fully know what a medical aid do plus they maybe  think it's really expensive and they don't understand how it works and it's benefits ,Negative
25-30,Employed full-time,"N$5,000 - N$10,000",Other urban area,Yes,No,None of the above,I have never heard of them,"Yes, I have a good idea",Too expensive,,,Under N$500,Doctor visits,Packages with better benefits ate expensive.,Neutral
31-35,Employed full-time,"N$5,000 - N$10,000",Other urban area,No,No,,,I have heard figures but I am not sure,"I just got employed, so l am yet to start with the application ",4.0,My employer covering part or all of the cost,Under N$500,Doctor visits;Hospitalisation;Dental;Optical;Emergency cover,Due to a lack of information and understanding. ,Negative
25-30,Student,Prefer not to say,Other urban area,No,No,,,I have heard figures but I am not sure,I do not fully understand how it works,3.0,Lower monthly cost,Under N$500,Doctor visits;Optical;Emergency cover,"I think it's because they  not properly educated on it,since we have the impression that we would not afford it. ",Neutral
25-30,Unemployed,Prefer not to say,Other urban area,No,No,,,"No, I have no idea",Too expensive,1.0,My employer covering part or all of the cost;A better understanding of the benefits;A recommendation from someone I trust,"N$500 - N$1,000",Chronic medication;Emergency cover,Due to lack of income. Also due to lack of information.,Negative
25-30,Employed full-time,"N$5,000 - N$10,000",Khomas Region,No,Yes,Topaz,Very positive,"Yes, I have a good idea",Too expensive,3.0,Lower monthly cost,Under N$500,Doctor visits;Dental;Maternity cover,The best medical option is costly ,Positive
18-24,Student,"Under N$5,000",Other urban area,No,No,,,"No, I have no idea",Too expensive;I am young and healthy - I do not need it yet,5.0,A better understanding of the benefits;More flexible or customisable plan;A recommendation from someone I trust;A promotional offer or incentive,Under N$500,Doctor visits;Hospitalisation;Chronic medication;Dental;Optical;Maternity cover;Mental health support;Emergency cover,No permanent job,Neutral
18-24,Unemployed,Prefer not to say,Rural area,No,No,,,"No, I have no idea",I do not fully understand how it works,1.0,A better understanding of the benefits,Under N$500,Optical;Maternity cover;Emergency cover,They lack understand on how it works and also lack of funds.,Neutral
18-24,Unemployed,"Under N$5,000",Khomas Region,No,Yes,Emerald,Somewhat negative,"No, I have no idea",Too expensive,4.0,Lower monthly cost;My employer covering part or all of the cost,Under N$500,Doctor visits;Dental;Maternity cover,I think it's because they think they're healthy and do not need to pay all that monthly amount when they don't actually get sick. Medical aid is very expensive and most young people are unemployed and thus cannot afford it. ,Negative
25-30,Employed part-time,"Under N$5,000",Rural area,No,No,None of the above,,I have heard figures but I am not sure,I use alternatives like cash or pay for health insurance,1.0,A better understanding of the benefits,Under N$500,Emergency cover,"Because Medical aid is a scam and irrelevant, it's a business.",Negative
25-30,Unemployed,"Under N$5,000",Other urban area,No,Yes,,,"Yes, I have a good idea",I use alternatives like cash or pay for health insurance,,,,Emergency cover,Due to financial crises ,Negative
31-35,Student,"Under N$5,000",Other urban area,No,No,,,I have heard figures but I am not sure,I am unemployed ,1.0,Lower monthly cost,Under N$500,Hospitalisation;Chronic medication;Emergency cover,Some are unemployed to afford it and some feel they don't need it as their still young and healthy.,Positive
31-35,Self-employed,"Under N$5,000",Other urban area,No,No,,,"No, I have no idea",I do not fully understand how it works,1.0,,,Doctor visits;Optical;Maternity cover,Employement is always the issue... especially for unemployed youth as not every month its certain that he or she is going to pay.,Positive
25-30,Student,"Under N$5,000",Khomas Region,No,No,,Very positive,,Too expensive;I do not fully understand how it works,2.0,Lower monthly cost,Under N$500,Doctor visits;Maternity cover;Emergency cover,Because they didn’t get more information on how it work ,Positive
18-24,Student,"Under N$5,000",Other urban area,No,Maybe,,,"No, I have no idea",I do not fully understand how it works,3.0,A better understanding of the benefits,Under N$500,Emergency cover,no clear understanding of how it works,Negative
31-35,Employed full-time,"Under N$5,000",Other urban area,No,Yes,None of the above,,I have heard figures but I am not sure,My employer does not offer it;I use alternatives like cash or pay for health insurance,1.0,Lower monthly cost;More flexible or customisable plan,Under N$500,Doctor visits;Maternity cover;Emergency cover,"I don’t think they avoid it, sometimes it could be the affordability.",Neutral
18-24,Student,"Under N$5,000",Other urban area,No,No,,,I have heard figures but I am not sure,I’m a student.,1.0,Other,"N$500 - N$1,000",Doctor visits;Dental;Optical,Most of them just can’t afford it tbh.,Positive
18-24,Student,"Under N$5,000",Rural area,No,No,,,I have heard figures but I am not sure,I have never thought about it;On short-term contract which does not offer medical aid,,Lower monthly cost;A better understanding of the benefits,Under N$500,Doctor visits,Not aware of the benefits,Negative
25-30,Unemployed,"Under N$5,000",Khomas Region,No,No,,,"No, I have no idea",I do not fully understand how it works,3.0,A better understanding of the benefits,"N$1,000 - N$2,000",Hospitalisation,They are afraid of paying the medical bills ,Negative
18-24,Unemployed,"Under N$5,000",Khomas Region,No,Yes,Topaz;Emerald;Ruby,Somewhat positive,"No, I have no idea",Too expensive,1.0,Lower monthly cost,Under N$500,Optical;Mental health support;Emergency cover,It’s too expensive. ,Negative
18-24,Student,"Under N$5,000",Khomas Region,Yes,Yes,None of the above,,"No, I have no idea",,,,,Doctor visits;Hospitalisation;Optical,They want to have medical aid because because most of them are students and unemployed its almost impossible to get it,Negative
31-35,Employed full-time,"N$5,000 - N$10,000",Other urban area,No,No,,,"Yes, I have a good idea",Too expensive,,,"N$500 - N$1,000",Doctor visits;Hospitalisation;Chronic medication;Dental;Optical;Maternity cover;Mental health support;Emergency cover,They don't want to spent on medical aid,Negative
25-30,Unemployed,Prefer not to say,Rural area,No,No,,,"No, I have no idea",My employer does not offer it,1.0,Other,I would not pay for it at all,Doctor visits,Because sometimes they don’t get good medical care ,Positive
25-30,Student,"Under N$5,000",Khomas Region,No,Yes,None of the above,Neutral,I have heard figures but I am not sure,Too expensive,2.0,Lower monthly cost;My employer covering part or all of the cost;A better understanding of the benefits,"N$500 - N$1,000",Doctor visits;Hospitalisation;Dental;Mental health support,The lack of money to afford medical aid especially when there's a more affordable option.,Positive
18-24,Student,"Under N$5,000",Khomas Region,Yes,Yes,None of the above,Neutral,I have heard figures but I am not sure,,,,,Doctor visits;Optical;Mental health support,I think it is usually a result of them not being able to afford it.,Positive
25-30,Employed full-time,"N$10,000 - N$25,000",Khomas Region,Yes,Yes,Topaz;Topaz Plus;Emerald;Amber;Opal;Jade;Ruby;Emerald Plus;Amber Plus,Somewhat positive,"Yes, I have a good idea",,,,,Doctor visits;Dental;Optical;Mental health support,"most don't avoid on purpose but because they lack funds to afford medical aid, especially if they work for a company that doesn't offer medical aid or they're unemployed.",Positive
25-30,Self-employed,"Under N$5,000",Khomas Region,No,Yes,Amber,Neutral,I have heard figures but I am not sure,Too expensive,3.0,Lower monthly cost,Under N$500,Doctor visits;Dental;Optical;Emergency cover,"Lack of proper information and marketing makes it seems very expensive, not to mention after 25 one simply thinks it's another bill",Negative
25-30,Employed full-time,"N$5,000 - N$10,000",Khomas Region,No,No,None of the above,,"No, I have no idea",I do not fully understand how it works,3.0,Other,"N$1,000 - N$2,000",Dental,Salary is little too many responsibilities ,Positive
18-24,Student,"Under N$5,000",Khomas Region,No,Yes,None of the above,Somewhat positive,I have heard figures but I am not sure,My employer does not offer it,1.0,Lower monthly cost;My employer covering part or all of the cost,"N$500 - N$1,000",Doctor visits;Hospitalisation;Dental;Optical;Emergency cover,They don’t understand their options ,Neutral
25-30,Employed part-time,"N$5,000 - N$10,000",Khomas Region,No,No,,,"No, I have no idea",My employer does not offer it,3.0,My employer covering part or all of the cost,Under N$500,Doctor visits;Dental;Mental health support,"Lack of information about coverage, lack of employment and ways to access coverage.",Neutral
18-24,Student,Prefer not to say,Khomas Region,No,No,,,"Yes, I have a good idea",I use alternatives like cash or pay for health insurance,1.0,Lower monthly cost,Under N$500,Doctor visits;Dental;Optical;Mental health support;Emergency cover,It’s expensive ,Negative
18-24,Self-employed,"Under N$5,000",Khomas Region,No,Yes,None of the above,Neutral,"No, I have no idea",I have never thought about it,4.0,My employer covering part or all of the cost;A better understanding of the benefits;A recommendation from someone I trust,Under N$500,Doctor visits;Chronic medication,"I don’t think they avoid it, I think most can’t afford it ",Positive
31-35,Employed full-time,"Above N$20,000",Khomas Region,No,No,None of the above,I have never heard of them,"Yes, I have a good idea",Too expensive,3.0,Lower monthly cost,"N$1,000 - N$2,000",Doctor visits;Hospitalisation;Dental;Optical;Maternity cover;Emergency cover,Costs,Neutral
31-35,Employed full-time,"Above N$20,000",Khomas Region,Yes,Yes,Topaz;Topaz Plus;Emerald;Amber;Jade;Ruby;Emerald Plus;Amber Plus,Neutral,"Yes, I have a good idea",,,,,Doctor visits;Hospitalisation;Dental;Optical;Mental health support;Emergency cover,Cost of medical aid ,Neutral
18-24,Self-employed,Prefer not to say,Khomas Region,Yes,Yes,Topaz;Topaz Plus;Emerald;Amber;Opal;Jade;Ruby;Emerald Plus;Amber Plus,Neutral,"Yes, I have a good idea",,5.0,Lower monthly cost;My employer covering part or all of the cost;More flexible or customisable plan,"N$500 - N$1,000",Doctor visits;Dental;Emergency cover,Cost ,Neutral
25-30,Unemployed,"Under N$5,000",Other urban area,No,Yes,,,I have heard figures but I am not sure,I do not fully understand how it works,1.0,A better understanding of the benefits,Under N$500,Doctor visits;Maternity cover;Emergency cover,Monthly salary or earnings can't manage to pay for it.,Neutral
18-24,Unemployed,"Under N$5,000",Other urban area,No,No,,I have never heard of them,"No, I have no idea",,1.0,,Under N$500,Maternity cover,Expensive ,Negative
25-30,Employed full-time,Prefer not to say,Khomas Region,Yes,Yes,None of the above,Somewhat positive,"Yes, I have a good idea",,,,,Hospitalisation;Chronic medication;Maternity cover,Because medical aid is costly,Neutral
25-30,Employed full-time,"N$10,000 - N$25,000",Khomas Region,Yes,Yes,Ruby,Neutral,"Yes, I have a good idea",,,,,Doctor visits;Hospitalisation;Optical,They feel like “they don’t get sick often” so they don’t need it.,Negative
25-30,Employed full-time,"N$5,000 - N$10,000",Khomas Region,No,Yes,Topaz,,"Yes, I have a good idea",My employer does not offer it,3.0,My employer covering part or all of the cost,Under N$500,Doctor visits;Hospitalisation;Dental;Mental health support,It’s costly to obtain one ,Neutral
31-35,Employed full-time,"N$10,000 - N$25,000",Khomas Region,Yes,Yes,None of the above,I have never heard of them,"No, I have no idea",,,,,Maternity cover,Because their charges are ridiculous and when you are going for major operations you need to top up,Positive
25-30,Employed full-time,"Above N$20,000",Other urban area,No,Yes,Topaz;Topaz Plus;Emerald;Amber;Opal;Jade;Ruby;Emerald Plus;Amber Plus,Very positive,"Yes, I have a good idea",,5.0,More flexible or customisable plan,"N$500 - N$1,000",Doctor visits;Dental;Emergency cover,Mostly because of the cost commitment.,Positive
18-24,Student,"Under N$5,000",Khomas Region,No,No,,,"Yes, I have a good idea",I do not fully understand how it works,5.0,A better understanding of the benefits;More flexible or customisable plan,Under N$500,Doctor visits;Hospitalisation;Dental;Maternity cover;Emergency cover,They feel like they’re a bit too pricey ,Neutral
25-30,Unemployed,Prefer not to say,Khomas Region,No,No,,,I have heard figures but I am not sure,I’m unemployed ,3.0,A better understanding of the benefits,Under N$500,Doctor visits;Hospitalisation;Emergency cover,Because we are not employed by the government and non government medical aid is expensive ,Negative
25-30,Employed full-time,"N$10,000 - N$25,000",Khomas Region,Yes,Yes,Topaz;Topaz Plus;Emerald;Amber;Opal;Jade;Ruby;Emerald Plus;Amber Plus,Somewhat positive,"Yes, I have a good idea",Too expensive,3.0,Lower monthly cost,Under N$500,Optical,Monthly cost ,Neutral
25-30,Self-employed,"Under N$5,000",Other urban area,No,Yes,None of the above,I have never heard of them,"No, I have no idea",Too expensive,5.0,A promotional offer or incentive,Under N$500,Doctor visits;Dental;Emergency cover,"Yes
",Neutral
18-24,Student,"N$5,000 - N$10,000",Khomas Region,Yes,Yes,Topaz;Emerald;Amber;Opal;Jade;Ruby,Neutral,"No, I have no idea",,,,,Doctor visits;Hospitalisation;Chronic medication;Dental;Optical;Emergency cover,Finances ,Neutral
25-30,Employed full-time,Prefer not to say,Other urban area,Yes,No,,,I have heard figures but I am not sure,,,A recommendation from someone I trust,Under N$500,Hospitalisation,They don’t have much knowledge about it,Positive
25-30,Employed full-time,"N$10,000 - N$25,000",Khomas Region,Yes,No,None of the above,,I have heard figures but I am not sure,,,,,Doctor visits;Hospitalisation;Maternity cover,Expensive ,Negative
18-24,Unemployed,Prefer not to say,Khomas Region,No,Yes,Opal;Emerald Plus,Neutral,"No, I have no idea",Too expensive,3.0,Lower monthly cost,Under N$500,Doctor visits;Dental,No enough capital ,Neutral
31-35,Self-employed,"N$10,000 - N$25,000",Khomas Region,No,Yes,None of the above,Very positive,I have heard figures but I am not sure,Simpler information on what each package offered. Information overload ,5.0,Lower monthly cost;A better understanding of the benefits;More flexible or customisable plan;A recommendation from someone I trust,"N$500 - N$1,000",Doctor visits;Dental;Optical,The information around which package might work for them. Perhaps a simple marketing campaign to break all of them with top benefits ,Positive
25-30,Employed part-time,"Under N$5,000",Rural area,No,No,,,I have heard figures but I am not sure,My employer does not offer it,3.0,Lower monthly cost;A better understanding of the benefits;More flexible or customisable plan;A recommendation from someone I trust;A promotional offer or incentive,Under N$500,Doctor visits;Hospitalisation;Dental;Maternity cover;Emergency cover,We do not understand it clearly and we don't have proper people to elaborate it to us.,Positive
25-30,Employed full-time,"N$5,000 - N$10,000",Other urban area,No,Yes,Topaz Plus;Jade,Neutral,I have heard figures but I am not sure,Too expensive;My employer does not offer it,4.0,My employer covering part or all of the cost;More flexible or customisable plan,Under N$500,Doctor visits;Hospitalisation;Optical;Maternity cover,The bettter plans are quite expensive and the is a number of youth being underpaid that they can afford. ,Negative
25-30,Self-employed,"N$10,000 - N$25,000",Khomas Region,No,Yes,None of the above,Somewhat positive,I have heard figures but I am not sure,I am young and healthy - I do not need it yet,3.0,More flexible or customisable plan,Under N$500,Hospitalisation;Dental;Emergency cover,"Not enough information is provided to those who can afford. And for many, it is deemed a luxury because of the monthly payments that have to be made regardless of your health condition.",Positive
25-30,Employed full-time,"Above N$20,000",Khomas Region,Yes,Yes,Amber,Neutral,"Yes, I have a good idea",,,,,Doctor visits;Dental;Optical,"If they are unemployed, then it's costs.",Neutral
25-30,Employed full-time,"N$10,000 - N$25,000",Khomas Region,Yes,Yes,None of the above,I have never heard of them,"No, I have no idea",My employer does not offer it,1.0,Other,I would not pay for it at all,Doctor visits;Dental,"It's a scam, most medical aid options are limited to consultation or visits examples dental,most only offer 2 or 3 per year and we paying alot for that ",Positive
25-30,Employed full-time,"N$10,000 - N$25,000",Other urban area,Yes,Yes,None of the above,I have never heard of them,"Yes, I have a good idea",,,,,Doctor visits;Hospitalisation;Optical,"No specific reason, unless they are unemployed ",Neutral
25-30,Unemployed,Prefer not to say,Khomas Region,No,No,,,I have heard figures but I am not sure,I use alternatives like cash or pay for health insurance;On short-term contract which does not offer medical aid,3.0,A better understanding of the benefits;More flexible or customisable plan,Under N$500,Doctor visits;Maternity cover;Emergency cover,"Many young Namibians avoid medical aid because it feels too expensive compared to their income, and they often feel healthy so they don’t see the need for it yet.",Positive
31-35,Employed full-time,"N$10,000 - N$25,000",Khomas Region,Yes,Maybe,None of the above,Neutral,"Yes, I have a good idea",,,,,Doctor visits;Hospitalisation;Emergency cover,Because it is pricey especially for young Namibians that do not work for the government ,Positive
25-30,Employed full-time,"N$5,000 - N$10,000",Khomas Region,No,No,None of the above,I have never heard of them,"No, I have no idea",Too expensive,1.0,Lower monthly cost,"N$500 - N$1,000",Optical,Because it’s expensive ,Negative
31-35,Employed full-time,"Above N$20,000",Khomas Region,Yes,Yes,Amber;Jade;Ruby,Neutral,"Yes, I have a good idea",,,,,Doctor visits;Hospitalisation;Maternity cover,High costs ,Positive
31-35,Employed part-time,"Under N$5,000",Other urban area,No,Yes,,,"No, I have no idea",Too expensive,1.0,Lower monthly cost,I would not pay for it at all,Chronic medication,Payments ,Neutral
25-30,Unemployed,Prefer not to say,Khomas Region,No,Yes,Jade,Very positive,I have heard figures but I am not sure,,1.0,My employer covering part or all of the cost,Under N$500,Maternity cover,"Because it’s expensive, and we hardly use it unless we get pregnant ",Negative
25-30,Employed full-time,"Above N$20,000",Other urban area,Yes,Yes,None of the above,Neutral,I have heard figures but I am not sure,,,,,Hospitalisation;Chronic medication;Emergency cover,It’s expensive or lack of awareness on packages availability and affordability.,Negative
31-35,Employed full-time,"N$10,000 - N$25,000",Other urban area,Yes,Yes,Topaz;Jade;Ruby,Very positive,I have heard figures but I am not sure,,,,,Doctor visits;Hospitalisation;Mental health support,Unemployment or because they are generally underpaid. Some avoids medical aid because they are satisfied with state medical assistance. ,Positive
25-30,Self-employed,"N$10,000 - N$25,000",Other urban area,No,No,,,"No, I have no idea",Too expensive,5.0,A recommendation from someone I trust,Under N$500,Maternity cover,Financial problems ,Neutral
18-24,Unemployed,Prefer not to say,Other urban area,No,Yes,Topaz Plus,Very positive,"Yes, I have a good idea",I have never thought about it,3.0,My employer covering part or all of the cost,Under N$500,Mental health support,Its to expensive for someone's that doesn't work ,Negative
25-30,Employed full-time,"N$10,000 - N$25,000",Khomas Region,Yes,No,,I have never heard of them,"Yes, I have a good idea",,,Lower monthly cost;A better understanding of the benefits,,Doctor visits;Hospitalisation;Dental;Emergency cover,Not enough monthly salary ,Neutral
25-30,Employed full-time,"N$10,000 - N$25,000",Other urban area,Yes,No,,,"Yes, I have a good idea",,,,,Doctor visits;Dental;Emergency cover,Most of them can't afford and they have a great understanding about it.,Positive
18-24,Employed full-time,"N$10,000 - N$25,000",Khomas Region,Yes,No,,,"Yes, I have a good idea",,,,,Maternity cover,"I guess they avoid this due to its expenses, they do not want to spend money on their health, with an impression that they can still get it for free. This also has do with black tax and a lot of responsibility they are just trying to save money.",Positive
18-24,Employed full-time,"N$10,000 - N$25,000",Khomas Region,Yes,No,,,"Yes, I have a good idea",,,,,Maternity cover,"I guess they avoid this due to its expenses, they do not want to spend money on their health, with an impression that they can still get it for free. This also has do with black tax and a lot of responsibility they are just trying to save money.",Positive
25-30,Employed full-time,"N$10,000 - N$25,000",Khomas Region,No,Yes,Ruby,Neutral,"No, I have no idea",Too expensive;On short-term contract which does not offer medical aid,1.0,Lower monthly cost;More flexible or customisable plan,Under N$500,Doctor visits;Emergency cover,Just because it’s costly but overall it’s beneficial. ,Neutral
25-30,Employed part-time,Prefer not to say,Other urban area,No,Maybe,None of the above,,"No, I have no idea",My employer does not offer it;On short-term contract which does not offer medical aid,1.0,My employer covering part or all of the cost,"N$500 - N$1,000",Dental;Maternity cover;Emergency cover,Lack of funds,Neutral
25-30,Employed full-time,"N$10,000 - N$25,000",Other urban area,Yes,Yes,Emerald Plus,Somewhat positive,"Yes, I have a good idea",,,,Under N$500,Dental,Due to lack of information about it,Negative
31-35,Employed full-time,"N$10,000 - N$25,000",Khomas Region,Yes,Yes,Topaz;Emerald;Ruby,Very positive,I have heard figures but I am not sure,,,,,Doctor visits;Hospitalisation;Chronic medication,"Costs are high
",Positive
18-24,Employed full-time,"N$10,000 - N$25,000",Khomas Region,Yes,Yes,Topaz;Topaz Plus;Amber;Jade;Ruby,Very positive,"Yes, I have a good idea",,,,,Chronic medication;Optical;Mental health support,The monthly costs are too high,Positive
25-30,Employed full-time,"N$10,000 - N$25,000",Khomas Region,Yes,Yes,None of the above,,I have heard figures but I am not sure,,,,,Hospitalisation;Chronic medication;Emergency cover,lack of jobs thus they avoid paying because they have no money. Also it's expensive ,Negative
25-30,Employed part-time,"N$10,000 - N$25,000",Rural area,No,No,,,I have heard figures but I am not sure,My employer does not offer it;I use alternatives like cash or pay for health insurance,5.0,My employer covering part or all of the cost;A promotional offer or incentive,Under N$500,Doctor visits;Chronic medication;Emergency cover,Because sometimes its too expensive. ,Negative
25-30,Employed full-time,"N$10,000 - N$25,000",Other urban area,Yes,Yes,Topaz;Topaz Plus;Emerald;Amber;Opal,Somewhat positive,"Yes, I have a good idea",,,,,Doctor visits;Hospitalisation;Chronic medication,They are not exposed to the benefits and some are afraid of costs.,Negative
25-30,Employed full-time,"N$5,000 - N$10,000",Khomas Region,Yes,Yes,None of the above,I have never heard of them,"Yes, I have a good idea",,,,,Doctor visits;Hospitalisation;Dental,Because it is expensive ,Negative
25-30,Employed full-time,"Above N$20,000",Other urban area,Yes,Yes,None of the above,I have never heard of them,"Yes, I have a good idea",,,,,Doctor visits,Not affordable ,Neutral
18-24,Student,Prefer not to say,Khomas Region,No,Yes,Amber,Neutral,I have heard figures but I am not sure,Too expensive,4.0,A better understanding of the benefits,"N$500 - N$1,000",Dental,"its very cost
",Positive
31-35,Employed full-time,"Above N$20,000",Khomas Region,Yes,Yes,Topaz;Topaz Plus;Emerald Plus,Somewhat positive,"Yes, I have a good idea",,,,,Doctor visits;Hospitalisation;Chronic medication;Dental;Emergency cover,Because it’s too expensive if your company or organization does not offer it as a benefit. ,Negative
25-30,Employed full-time,"N$5,000 - N$10,000",Khomas Region,No,Yes,None of the above,Neutral,I have heard figures but I am not sure,Waiting on the offer,4.0,My employer covering part or all of the cost,"N$1,000 - N$2,000",Doctor visits;Hospitalisation;Dental,Finances,Neutral
25-30,Student,Prefer not to say,Rural area,No,No,,,I have heard figures but I am not sure,I use alternatives like cash or pay for health insurance,5.0,A better understanding of the benefits,"N$500 - N$1,000",Doctor visits;Dental;Emergency cover,Too expensive ,Negative
25-30,Employed full-time,"Above N$20,000",Khomas Region,Yes,Yes,Topaz;Emerald;Amber;Opal;Jade;Emerald Plus,Somewhat positive,"Yes, I have a good idea",,,,,Doctor visits;Hospitalisation;Chronic medication;Dental;Optical;Maternity cover;Mental health support;Emergency cover,"Most young people are self employed, and can’t afford medical.",Positive
25-30,Employed full-time,"Above N$20,000",Other urban area,Yes,Yes,Ruby,Somewhat positive,I have heard figures but I am not sure,,,,,Doctor visits;Hospitalisation;Emergency cover,It is expensive ,Negative
25-30,Employed full-time,"N$10,000 - N$25,000",Khomas Region,Yes,Yes,Topaz Plus,Somewhat negative,I have heard figures but I am not sure,,,,,Doctor visits;Hospitalisation;Chronic medication,"it is avoided because without cover from your employer, it is extremely expensive & young namibians think they can do without it",Negative
31-35,Employed full-time,"Above N$20,000",Khomas Region,Yes,Yes,Emerald;Amber,Very positive,"Yes, I have a good idea",,,,,Doctor visits;Hospitalisation;Chronic medication;Dental;Maternity cover;Emergency cover,It’s too expensive ,Negative
31-35,Employed full-time,"N$10,000 - N$25,000",Other urban area,Yes,No,None of the above,I have never heard of them,I have heard figures but I am not sure,,,,,Doctor visits;Hospitalisation;Chronic medication;Dental;Optical;Maternity cover;Mental health support;Emergency cover,Because the can always medical help from public hospitals ,Neutral
18-24,Employed part-time,"N$5,000 - N$10,000",Khomas Region,No,Yes,None of the above,Somewhat positive,I have heard figures but I am not sure,Too expensive;My employer does not offer it;On short-term contract which does not offer medical aid,5.0,My employer covering part or all of the cost;More flexible or customisable plan,Under N$500,Doctor visits;Hospitalisation;Dental;Maternity cover;Emergency cover,I think its because its expensive,Negative
25-30,Employed full-time,"Above N$20,000",Other urban area,Yes,Yes,Topaz;Jade;Ruby,Neutral,I have heard figures but I am not sure,,,,,Doctor visits;Hospitalisation;Chronic medication;Dental;Optical;Maternity cover;Mental health support;Emergency cover,The costs. Minimum premiums are affordable however they do not cover most of the important things. ,Positive
25-30,Employed full-time,"N$10,000 - N$25,000",Khomas Region,No,Yes,Topaz;Topaz Plus;Emerald;Amber;Opal;Jade;Ruby,Neutral,"Yes, I have a good idea",Too expensive,3.0,Lower monthly cost;My employer covering part or all of the cost,Under N$500,Doctor visits;Hospitalisation;Dental;Optical;Mental health support,"BECAUSE EVEN IF I WORK I CANT AFFORD IT, THE OPTIONS THAT COST 1500 HARDLY COVER WHAT YOU NEED AND I CANT AFFORD TO EVEN COVER MY ELDERLY PARENTS AND YOUNGER SIBLINGS ",Negative
25-30,Unemployed,"N$5,000 - N$10,000",Khomas Region,Yes,Yes,Topaz;Topaz Plus;Emerald;Amber;Opal;Jade;Ruby;Emerald Plus;Amber Plus,Somewhat positive,"Yes, I have a good idea",,,,,Doctor visits;Hospitalisation;Optical,Young Namibians avoid medical aid due to its high cost and the perception that it is unnecessary if they are generally healthy.,Positive
25-30,Employed full-time,"Above N$20,000",Khomas Region,Yes,Yes,Topaz;Topaz Plus;Emerald;Amber;Opal;Jade;Ruby;Emerald Plus;Amber Plus,Neutral,I have heard figures but I am not sure,,,,,Doctor visits;Hospitalisation;Chronic medication;Dental;Optical;Maternity cover;Mental health support;Emergency cover,Expensive ,Negative
25-30,Self-employed,"N$5,000 - N$10,000",Khomas Region,No,Yes,Emerald,Very positive,"Yes, I have a good idea",I am young and healthy - I do not need it yet,5.0,Lower monthly cost,"N$500 - N$1,000",Doctor visits,So that they can know hoe theyer health is,Neutral
18-24,Employed full-time,"N$10,000 - N$25,000",Other urban area,Yes,Yes,Jade,Somewhat positive,I have heard figures but I am not sure,,,,,Doctor visits;Hospitalisation;Chronic medication;Dental;Optical;Maternity cover;Mental health support,It is considered expensive to people who hardly get sick ,Negative
18-24,Employed full-time,"N$10,000 - N$25,000",Khomas Region,No,Yes,,,,On short-term contract which does not offer medical aid,3.0,My employer covering part or all of the cost,Under N$500,Dental;Optical;Maternity cover;Emergency cover,"Many young Namibians avoid medical aid because it’s often seen as too expensive relative to their income, especially when they’re generally healthy and don’t expect to need frequent care. There’s also a perception that the benefits aren’t immediately valuable, leading them to prioritize more urgent financial needs.",Positive
31-35,Self-employed,"N$5,000 - N$10,000",Khomas Region,No,No,None of the above,I have never heard of them,"No, I have no idea",I do not fully understand how it works;My employer does not offer it;I have never thought about it;On short-term contract which does not offer medical aid,1.0,Lower monthly cost;A better understanding of the benefits;More flexible or customisable plan,"N$500 - N$1,000",Doctor visits;Hospitalisation;Chronic medication;Dental;Optical;Mental health support;Emergency cover,"To expensive and dont have lower payment plans and if they do have they are usually no sense  doesn't cover the basic needs

",Negative
25-30,Unemployed,Prefer not to say,Khomas Region,No,Yes,Topaz;Topaz Plus;Emerald;Jade;Ruby,Neutral,"Yes, I have a good idea",On short-term contract which does not offer medical aid;Currently unemployed ,5.0,My employer covering part or all of the cost;A recommendation from someone I trust,"Above N$2,000",Hospitalisation;Mental health support;Emergency cover,Affordability ,Neutral
25-30,Employed full-time,"Above N$20,000",Khomas Region,Yes,Yes,Topaz;Topaz Plus;Amber;Opal;Jade;Ruby,Somewhat negative,"Yes, I have a good idea",,,,,Doctor visits;Hospitalisation;Maternity cover,The lack of information towards medical aid plans and the usage of the benefits. Medical aids don’t spend enough time exposing how benefits can be used and best maximized thus creating this negative narrative that medical aid is expensive and ineffective ,Positive
25-30,Employed full-time,"Above N$20,000",Other urban area,Yes,Yes,Topaz;Topaz Plus;Ruby,Neutral,I have heard figures but I am not sure,,,,,Doctor visits;Chronic medication;Mental health support,Too expensive ,Negative
31-35,Employed full-time,"Under N$5,000",Other urban area,No,No,,,I have heard figures but I am not sure,Too expensive;My employer does not offer it,3.0,A better understanding of the benefits;A recommendation from someone I trust;A promotional offer or incentive,Under N$500,Doctor visits,Because they can't afford it,Neutral
25-30,Employed full-time,"Above N$20,000",Rural area,Yes,Yes,Emerald,Neutral,"Yes, I have a good idea",Too expensive,,My employer covering part or all of the cost,"N$500 - N$1,000",Doctor visits;Hospitalisation;Chronic medication;Emergency cover,Many Namibians have underlying conditions. ,Positive
31-35,Employed part-time,"Under N$5,000",Other urban area,No,Yes,Topaz Plus,Somewhat positive,I have heard figures but I am not sure,Too expensive,1.0,My employer covering part or all of the cost,"N$500 - N$1,000",Doctor visits;Hospitalisation;Dental;Optical;Maternity cover;Emergency cover,"It’s too expensive,and most companies do not pay a part of the medical aid to atleast lessen the burden on the pocket. ",Positive
25-30,Employed full-time,"N$10,000 - N$25,000",Rural area,No,No,,,I have heard figures but I am not sure,I have never thought about it,5.0,A better understanding of the benefits,Under N$500,Doctor visits;Hospitalisation;Mental health support,They think they are still young and healthy and don't want deductions of that,Positive
25-30,Employed full-time,"Above N$20,000",Other urban area,Yes,No,None of the above,I have never heard of them,"Yes, I have a good idea",,,,,Hospitalisation;Chronic medication;Emergency cover,They are uneducated ,Neutral
31-35,Employed full-time,"Under N$5,000",Other urban area,No,Yes,Ruby,Very positive,"Yes, I have a good idea",My employer does not offer it,5.0,Lower monthly cost,Under N$500,Doctor visits;Dental;Optical,It's expensive or we have low income to afford it,Negative
31-35,Employed full-time,"N$10,000 - N$25,000",Khomas Region,Yes,Yes,Topaz;Topaz Plus;Jade,Somewhat positive,"Yes, I have a good idea",,,,,Doctor visits;Optical;Maternity cover,It’s very expensive and not all medical aid covers most of the things we want it to be covered ,Negative
18-24,Unemployed,"Under N$5,000",Other urban area,No,No,,,,,1.0,Other,Under N$500,Doctor visits,Too expensive ,Negative
18-24,Unemployed,"Under N$5,000",Other urban area,No,No,,,I have heard figures but I am not sure,Too expensive,5.0,Lower monthly cost,Under N$500,Chronic medication;Maternity cover;Emergency cover,Most of them are unemployed and can't afford it.,Positive
Prefer not to say,Employed full-time,"N$5,000 - N$10,000",Khomas Region,Yes,Yes,Ruby,Very positive,I have heard figures but I am not sure,,,,,Doctor visits;Hospitalisation;Emergency cover,Because they can't afford. ,Neutral
25-30,Employed full-time,"N$10,000 - N$25,000",Khomas Region,Yes,Yes,Topaz;Topaz Plus;Emerald;Amber;Opal;Jade;Ruby,Somewhat positive,"No, I have no idea",,,,,Hospitalisation;Chronic medication;Maternity cover;Emergency cover,It is expensive. The high costs and the fact that you still have to top up on certain costs feels like a scam. ,Positive
18-24,Employed part-time,"N$5,000 - N$10,000",Other urban area,No,Maybe,Ruby,Neutral,"No, I have no idea",Too expensive;I do not fully understand how it works,3.0,Lower monthly cost;My employer covering part or all of the cost;A better understanding of the benefits,Under N$500,Hospitalisation;Mental health support;Emergency cover,It seems complicated,Negative
18-24,Student,Prefer not to say,Other urban area,No,Maybe,,,I have heard figures but I am not sure,On short-term contract which does not offer medical aid,5.0,A better understanding of the benefits,Under N$500,Doctor visits;Dental;Mental health support,Many young Namibians avoid medical aid because they see it as too expensive and unnecessary while they are still healthy. They often prefer to spend money on immediate needs and only think about healthcare when they actually get sick.,Negative
25-30,Unemployed,Prefer not to say,Khomas Region,No,No,,,"No, I have no idea",I am unemployed and I think I cant afford one.,2.0,Other,"N$500 - N$1,000",Hospitalisation;Maternity cover;Emergency cover,They avoid it because they think it's expensive. ,Negative
25-30,Employed full-time,"Above N$20,000",Khomas Region,Yes,Yes,,,"Yes, I have a good idea",,,,,Doctor visits;Hospitalisation;Chronic medication;Dental;Maternity cover;Mental health support,Too expensive ,Negative
18-24,Self-employed,"Under N$5,000",Khomas Region,No,Yes,Topaz;Emerald;Jade;Ruby,Somewhat positive,I have heard figures but I am not sure,My employer does not offer it,3.0,A better understanding of the benefits,"N$500 - N$1,000",Doctor visits;Dental;Optical;Emergency cover,"Young Namibians avoid medical aid, 1. They have no understanding of how it works nor have some been educated on it. 2. They deem it as an expense that takes away more than one that benefits you in the long run.",Positive
25-30,Employed full-time,"N$10,000 - N$25,000",Khomas Region,Yes,Yes,Topaz;Topaz Plus;Emerald;Amber;Opal;Jade;Ruby;Emerald Plus;Amber Plus,Neutral,"Yes, I have a good idea",,,,,Doctor visits;Hospitalisation;Chronic medication;Maternity cover;Mental health support;Emergency cover,"It is too expensive and you don’t necessarily need all the benefits monthly.
The copayment is much more than what the medical aid pays. You spend way more on specialist and your medical aid only pays 10%.
",Positive
25-30,Employed full-time,"N$10,000 - N$25,000",Rural area,Yes,No,,,"Yes, I have a good idea",,,,,Doctor visits;Dental;Emergency cover,Simply beacause of the high costs.,Positive
31-35,Self-employed,"N$5,000 - N$10,000",Khomas Region,No,Yes,None of the above,,"No, I have no idea",Not sure self employed can take medical aid,5.0,Lower monthly cost;A better understanding of the benefits;More flexible or customisable plan;A promotional offer or incentive;Other,"N$500 - N$1,000",Doctor visits;Hospitalisation;Dental;Optical;Maternity cover;Mental health support;Emergency cover,"Because most are either self employed or not employed and rates are too high for those that are self employed,smaller packages for the self l-employed would really push us to get medical aids ",Positive
31-35,Self-employed,"N$5,000 - N$10,000",Khomas Region,No,Yes,Emerald Plus,Somewhat negative,"Yes, I have a good idea",Too expensive,1.0,Other,"N$1,000 - N$2,000",Doctor visits;Hospitalisation;Dental;Optical;Mental health support;Emergency cover,They are expensive and the service at MNC is horrible. They do not respond to emails. If they do they will refer you to someone who wont.,Negative
25-30,Employed full-time,"N$10,000 - N$25,000",Other urban area,Yes,No,,,I have heard figures but I am not sure,,,,,Doctor visits;Hospitalisation;Maternity cover,"Probably because of ignorance, they don’t take sickness that serious.",Negative
25-30,Unemployed,Prefer not to say,Other urban area,No,No,,,"No, I have no idea","I am not employed at the moment, I cannot afford it.",2.0,A recommendation from someone I trust,Under N$500,Doctor visits;Hospitalisation;Chronic medication;Dental;Optical;Maternity cover;Mental health support;Emergency cover,Due to the fact that they are very much ignorant and sometimes they not well informed about medical aids.,Positive
31-35,Employed full-time,"Above N$20,000",Other urban area,Yes,Yes,Topaz;Topaz Plus;Emerald;Amber;Opal;Jade;Ruby;Emerald Plus;Amber Plus,Somewhat positive,"Yes, I have a good idea",,,,,Doctor visits;Hospitalisation;Chronic medication;Dental;Optical;Maternity cover;Mental health support;Emergency cover,Because it’s quite pricey ,Neutral
31-35,Employed full-time,"Above N$20,000",Khomas Region,Yes,Yes,Emerald;Amber;Jade;Ruby,Neutral,"Yes, I have a good idea",,,,"N$500 - N$1,000",Hospitalisation,Cost us too high ,Positive
31-35,Employed full-time,"N$10,000 - N$25,000",Khomas Region,Yes,Yes,Topaz;Topaz Plus;Emerald;Amber;Opal;Jade;Ruby;Emerald Plus;Amber Plus,Neutral,"Yes, I have a good idea",Too expensive,3.0,Lower monthly cost,"N$1,000 - N$2,000",Doctor visits;Hospitalisation;Chronic medication;Dental;Optical;Maternity cover;Mental health support;Emergency cover,Too expensive ,Negative
Prefer not to say,Employed full-time,"N$10,000 - N$25,000",Khomas Region,Yes,No,,,"Yes, I have a good idea",,,,,Doctor visits;Hospitalisation;Chronic medication;Dental;Optical;Maternity cover;Mental health support;Emergency cover,"Because it's expensive and most can't afford it and benefits are also low, compare to the contribution amount per month",Neutral
25-30,Unemployed,"Under N$5,000",Khomas Region,No,Yes,Topaz;Topaz Plus;Emerald;Amber;Opal;Jade;Ruby;Emerald Plus;Amber Plus,Very positive,I have heard figures but I am not sure,Too expensive;My employer does not offer it;On short-term contract which does not offer medical aid,1.0,Lower monthly cost;My employer covering part or all of the cost;A promotional offer or incentive,Under N$500,Doctor visits;Dental;Optical,Because they can't afford it.,Neutral
25-30,Employed full-time,"N$10,000 - N$25,000",Rural area,Yes,Yes,None of the above,Neutral,"No, I have no idea",,,More flexible or customisable plan,Under N$500,Doctor visits;Chronic medication,"In this economy, it’s a luxury my dear",Neutral
25-30,Employed part-time,"Under N$5,000",Other urban area,No,No,,I have never heard of them,I have heard figures but I am not sure,My employer does not offer it,3.0,Lower monthly cost;A better understanding of the benefits;More flexible or customisable plan;A recommendation from someone I trust,Under N$500,Doctor visits;Chronic medication;Emergency cover,They can't afford ,Neutral
18-24,Student,"Under N$5,000",Other urban area,No,No,,,I have heard figures but I am not sure,I have never thought about it,3.0,A better understanding of the benefits,"N$500 - N$1,000",Optical;Maternity cover,Less knowledge on the benefits of it ,Negative
25-30,Employed full-time,"N$10,000 - N$25,000",Khomas Region,No,Yes,Topaz;Topaz Plus;Emerald,Neutral,I have heard figures but I am not sure,My employer does not offer it,3.0,Lower monthly cost,"N$500 - N$1,000",Doctor visits;Dental;Mental health support,Too expensive when employer does not cover much of the payment or at all sometimes ,Negative
25-30,Unemployed,"Under N$5,000",Khomas Region,No,Yes,None of the above,Neutral,I have heard figures but I am not sure,Too expensive,2.0,Lower monthly cost,Under N$500,Doctor visits,Too costly ,Neutral
25-30,Student,"Under N$5,000",Khomas Region,No,No,,,I have heard figures but I am not sure,Too expensive;I do not fully understand how it works;My employer does not offer it,2.0,Lower monthly cost;A better understanding of the benefits;A recommendation from someone I trust,Under N$500,Hospitalisation;Maternity cover;Emergency cover,Because of negative peer influence towards health. They mostly believe the government is there to provide incase of health emergencies,Positive
25-30,Employed full-time,"N$10,000 - N$25,000",Other urban area,Yes,Yes,Jade,Somewhat positive,"Yes, I have a good idea",,,,,Doctor visits;Dental;Emergency cover,They think it’s a waste of money cause they are not thinking about the unforeseen future.  ,Negative
31-35,Self-employed,"N$5,000 - N$10,000",Khomas Region,No,Yes,Topaz Plus;Emerald;Jade,Neutral,I have heard figures but I am not sure,I use alternatives like cash or pay for health insurance,5.0,More flexible or customisable plan,Under N$500,Hospitalisation;Dental;Optical;Maternity cover;Mental health support;Emergency cover,The nutrition we consume is not as it was back in the day & can affect us more in the long term. ,Positive
25-30,Employed full-time,"N$10,000 - N$25,000",Khomas Region,Yes,Yes,None of the above,Neutral,"Yes, I have a good idea",,5.0,,,Doctor visits;Hospitalisation;Dental;Emergency cover,They mostly avoid them because of the stigma of high cost involved and the fact that people assume they don’t get sick so they don’t need to be paying such high bills for nothing. ,Positive
18-24,Student,"Under N$5,000",Khomas Region,Yes,Yes,Emerald,Neutral,"No, I have no idea",,4.0,,"N$500 - N$1,000",Doctor visits;Optical;Emergency cover,Because of the cost of it,Neutral
25-30,Employed full-time,"N$5,000 - N$10,000",Other urban area,No,No,,,I have heard figures but I am not sure,My employer does not offer it,3.0,More flexible or customisable plan,Under N$500,Doctor visits,I believe they are not well informed about the benefits and as it is they would be more discouraged by the new government system of civil servants also using public hospitals for medical treatment. Due to some employers not offering the such benefits they tent to believe that it would be expensive to add medical aid benefits on their salaries.,Positive
31-35,Employed full-time,"N$10,000 - N$25,000",Other urban area,Yes,No,,,I have heard figures but I am not sure,,,,,Doctor visits;Hospitalisation;Maternity cover,It is expensive.,Negative
25-30,Student,"Under N$5,000",Khomas Region,No,No,,,"No, I have no idea",Too expensive,3.0,Lower monthly cost;My employer covering part or all of the cost;A better understanding of the benefits;More flexible or customisable plan;A recommendation from someone I trust;A promotional offer or incentive,Under N$500,Doctor visits;Dental;Optical;Maternity cover,Because they can’t afford it and also poor understanding of how medical aid works ,Negative
31-35,Employed full-time,"N$5,000 - N$10,000",Khomas Region,No,Yes,Ruby,Somewhat positive,I have heard figures but I am not sure,On short-term contract which does not offer medical aid,5.0,A better understanding of the benefits,"N$500 - N$1,000",Hospitalisation;Maternity cover,Not educated about it,Neutral
18-24,Student,"Under N$5,000",Khomas Region,No,Yes,Opal,Neutral,"No, I have no idea",Too expensive,1.0,A better understanding of the benefits,Under N$500,Dental,Because its expensive ,Negative
25-30,Employed full-time,"N$5,000 - N$10,000",Khomas Region,Yes,Yes,Topaz Plus,Neutral,I have heard figures but I am not sure,,,,,Doctor visits;Hospitalisation;Dental;Maternity cover;Emergency cover,Financial inability and unemployment ,Neutral
18-24,Student,"Under N$5,000",Khomas Region,No,No,None of the above,I have never heard of them,"No, I have no idea",Too expensive,1.0,Lower monthly cost,Under N$500,Doctor visits;Hospitalisation;Chronic medication;Mental health support;Emergency cover,The cost is too high,Positive
18-24,Student,Prefer not to say,Khomas Region,No,No,,,I have heard figures but I am not sure,,1.0,A promotional offer or incentive,Under N$500,Dental;Mental health support,Too expensive ,Negative
18-24,Employed full-time,"Under N$5,000",Khomas Region,No,Maybe,,,"No, I have no idea",I do not fully understand how it works,3.0,Lower monthly cost,Under N$500,Doctor visits;Dental,People cannot afford it ,Neutral
18-24,Employed part-time,"Under N$5,000",Khomas Region,No,No,,,"No, I have no idea",I do not fully understand how it works,3.0,Lower monthly cost,Under N$500,Doctor visits;Dental,Most because they do not have any source of income ,Positive
31-35,Employed full-time,"N$5,000 - N$10,000",Khomas Region,No,Yes,Topaz,Very positive,"Yes, I have a good idea",I do not fully understand how it works,5.0,More flexible or customisable plan,"N$500 - N$1,000",Hospitalisation;Maternity cover;Emergency cover,the fact that they have to cover equal cost with employers instead of employer covering more,Positive
18-24,Student,Prefer not to say,Other urban area,No,No,None of the above,I have never heard of them,I have heard figures but I am not sure,I have never thought about it,1.0,Other,Under N$500,Maternity cover,"Financial problems 
",Neutral
18-24,Unemployed,"Under N$5,000",Khomas Region,No,No,,,I have heard figures but I am not sure,I do not fully understand how it works;I use alternatives like cash or pay for health insurance,3.0,A better understanding of the benefits;More flexible or customisable plan,"N$500 - N$1,000",Doctor visits;Optical;Mental health support;Emergency cover,"Personally, most Namibians do not have knowledge on Medical Aid, hence they avoid it. And some believe that it is expensive ",Neutral
25-30,Self-employed,"Under N$5,000",Khomas Region,No,Yes,Emerald;Amber;Ruby,Neutral,I have heard figures but I am not sure,Too expensive,3.0,Lower monthly cost;A better understanding of the benefits;More flexible or customisable plan,Under N$500,Doctor visits;Dental;Emergency cover,There isn’t enough education on medical aids. I think most assume that you can only get medical aid if you’re employed.,Positive
31-35,Unemployed,Prefer not to say,Khomas Region,No,Yes,Topaz;Topaz Plus;Emerald;Amber;Opal;Jade;Ruby;Emerald Plus;Amber Plus,I have never heard of them,I have heard figures but I am not sure,Too expensive,3.0,A better understanding of the benefits,Under N$500,Doctor visits,Zero knowledge ,Neutral
25-30,Employed part-time,"N$10,000 - N$25,000",Khomas Region,No,Yes,Topaz;Topaz Plus;Emerald;Amber;Opal;Jade;Ruby;Emerald Plus;Amber Plus,Very positive,I have heard figures but I am not sure,My employer does not offer it,3.0,My employer covering part or all of the cost,"N$500 - N$1,000",Doctor visits;Chronic medication;Dental,They cannot afford it,Neutral
25-30,Employed full-time,"N$10,000 - N$25,000",Other urban area,Yes,No,,,"Yes, I have a good idea",,,,,Doctor visits;Dental;Optical;Maternity cover;Emergency cover,Because it’s too expensive ,Negative
31-35,Employed full-time,"N$5,000 - N$10,000",Other urban area,No,Yes,None of the above,,I have heard figures but I am not sure,My employer does not offer it,5.0,My employer covering part or all of the cost,"N$500 - N$1,000",Doctor visits;Hospitalisation;Emergency cover,They can't afford ,Neutral
31-35,Employed full-time,Prefer not to say,Rural area,Yes,No,,,I have heard figures but I am not sure,,,,,Mental health support,They don’t know much about it.,Positive
25-30,Employed full-time,"N$5,000 - N$10,000",Other urban area,Yes,No,,,"No, I have no idea",,,,,Doctor visits;Hospitalisation;Emergency cover,They can’t afford ,Neutral
25-30,Unemployed,Prefer not to say,Khomas Region,No,No,None of the above,I have never heard of them,"No, I have no idea",I do not fully understand how it works,5.0,A recommendation from someone I trust,I would not pay for it at all,Doctor visits,Because they think the charges are too much ,Positive
18-24,Student,"Under N$5,000",Khomas Region,No,Yes,Topaz,Somewhat positive,I have heard figures but I am not sure,I use alternatives like cash or pay for health insurance,5.0,A better understanding of the benefits;More flexible or customisable plan;A recommendation from someone I trust,"N$1,000 - N$2,000",Doctor visits;Hospitalisation;Dental;Mental health support,It is costly. ,Neutral
25-30,Employed full-time,"N$10,000 - N$25,000",Other urban area,Yes,No,,,I have heard figures but I am not sure,,,,,Hospitalisation;Maternity cover;Emergency cover,Lack of understanding ,Neutral
25-30,Employed full-time,"N$10,000 - N$25,000",Rural area,Yes,Yes,None of the above,I have never heard of them,"Yes, I have a good idea",,,,,Doctor visits;Chronic medication;Dental,Because they are not affordable ,Neutral
25-30,Student,"Under N$5,000",Khomas Region,Yes,Yes,Topaz Plus;Jade,Somewhat positive,"Yes, I have a good idea",,,,,Hospitalisation;Chronic medication;Optical;Mental health support;Emergency cover,Because it's an expense that they don't fully understand the reward to. As sometimes medical aids do not pay. ,Neutral
31-35,Self-employed,"N$5,000 - N$10,000",Khomas Region,No,Yes,Topaz,Neutral,"Yes, I have a good idea",,,Other,"N$500 - N$1,000",Hospitalisation,People are not avoiding but the medical aids are costly,Neutral
31-35,Employed full-time,"Above N$20,000",Other urban area,Yes,Yes,Emerald;Amber;Jade;Ruby,Neutral,"No, I have no idea",,,,,Doctor visits;Hospitalisation;Emergency cover,"Too pricey. Also, young people generally think they’re healthy; and mostly only kids & old people need the hospital",Positive
31-35,Employed full-time,"N$10,000 - N$25,000",Khomas Region,Yes,No,,,I have heard figures but I am not sure,,,,,Hospitalisation;Dental;Maternity cover,"I wouldn’t say they avoid, they probably just have no means to cover for it. Otherwise, medical aid is a very important instrument considering the world we live in.",Positive
25-30,Unemployed,"Under N$5,000",Khomas Region,No,No,,,"No, I have no idea",I can not afford since I am unemployed ,3.0,Lower monthly cost;Other,I would not pay for it at all,Hospitalisation;Dental;Emergency cover,Because they do not fully understand the benefits of a medical aid and they don’t want to spend on it.,Neutral
25-30,Unemployed,"Under N$5,000",Other urban area,No,Yes,Emerald,Very positive,I have heard figures but I am not sure,I have never been able to afford it ,,Lower monthly cost,Under N$500,Doctor visits;Hospitalisation;Maternity cover;Emergency cover,Most young Namibiana avoid it because they do not think about the medical aspects of life. Most of us can not afford it too,Positive
31-35,Employed full-time,"N$10,000 - N$25,000",Other urban area,Yes,Yes,Topaz Plus,Somewhat positive,"Yes, I have a good idea",,,My employer covering part or all of the cost,,Doctor visits;Hospitalisation;Maternity cover,Expensive,Negative
25-30,Unemployed,Prefer not to say,Khomas Region,No,No,,,"No, I have no idea",Too expensive,1.0,Lower monthly cost;Other,Under N$500,Doctor visits;Dental;Mental health support,Because is too expensive ,Negative
25-30,Employed full-time,"N$5,000 - N$10,000",Khomas Region,No,Yes,Amber,Somewhat positive,I have heard figures but I am not sure,My employer does not offer it,4.0,My employer covering part or all of the cost;More flexible or customisable plan,Under N$500,Doctor visits;Hospitalisation;Emergency cover,It's expensive but many young people just don't think they need it,Positive
31-35,Employed full-time,"N$10,000 - N$25,000",Other urban area,Yes,Yes,Ruby,Somewhat positive,"Yes, I have a good idea",,,,,Hospitalisation;Dental;Optical,Young Namibians avoid medical aid due to ignorance.,Negative
25-30,Employed full-time,"N$5,000 - N$10,000",Khomas Region,No,Yes,Topaz;Topaz Plus;Emerald;Jade;Ruby;Emerald Plus,,I have heard figures but I am not sure,On short-term contract which does not offer medical aid,5.0,My employer covering part or all of the cost,Under N$500,Doctor visits;Chronic medication;Dental;Optical;Mental health support;Emergency cover,Incomes dont match medical cost,Neutral
31-35,Employed full-time,"Above N$20,000",Khomas Region,No,Yes,Jade;Ruby,Somewhat positive,"Yes, I have a good idea",Too expensive,3.0,Lower monthly cost;My employer covering part or all of the cost,"N$500 - N$1,000",Doctor visits;Dental;Optical;Maternity cover;Mental health support;Emergency cover,Too expensive.,Negative
25-30,Employed full-time,"N$5,000 - N$10,000",Khomas Region,Yes,Yes,Topaz Plus,Somewhat positive,I have heard figures but I am not sure,,,,,Hospitalisation;Mental health support;Emergency cover,Because of the costs ,Neutral
31-35,Employed full-time,"Under N$5,000",Other urban area,No,Yes,Ruby,Neutral,I have heard figures but I am not sure,My employer does not offer it,1.0,Lower monthly cost;My employer covering part or all of the cost,Under N$500,Chronic medication;Maternity cover;Emergency cover,Because its helpful in your worse and emergency situations of your health ,Negative
31-35,Employed full-time,"N$10,000 - N$25,000",Khomas Region,Yes,Yes,Topaz;Topaz Plus;Emerald;Amber;Opal;Jade;Ruby;Emerald Plus;Amber Plus,Very positive,"Yes, I have a good idea",,,,,Hospitalisation;Chronic medication;Maternity cover;Emergency cover,I believe young Namibians avoid medical aid for a number of reasons: 1. Most young people are unemployed 2. Young individuals are only employed on a contract based term which hardly gets turned into permanent employment and most of the time they don’t offer medical aid benefits 3. Medical aid is costly ,Positive
25-30,Employed full-time,"N$10,000 - N$25,000",Khomas Region,Yes,Yes,Emerald;Jade;Ruby,Very positive,"Yes, I have a good idea",,,,,Hospitalisation;Dental;Emergency cover,"Probably because of pricing, which is understandable. ",Neutral
25-30,Employed part-time,"N$5,000 - N$10,000",Khomas Region,No,No,,,,,,,,Doctor visits;Hospitalisation;Chronic medication;Maternity cover;Mental health support;Emergency cover,"They don't avoid medical aid,  they just can't afford it.
",Neutral
25-30,Employed full-time,"N$10,000 - N$25,000",Khomas Region,No,Yes,,,I have heard figures but I am not sure,My employer does not offer it,3.0,Other,"N$500 - N$1,000",Doctor visits;Hospitalisation;Chronic medication,It is expensive and negligence.,Negative
31-35,Employed full-time,"Under N$5,000",Other urban area,Yes,No,None of the above,,"Yes, I have a good idea",,,,,Doctor visits;Chronic medication;Mental health support,"Is expensive,  and those private doctors only care about their  claiming they money  ",Negative
25-30,Student,Prefer not to say,Other urban area,No,No,,,I have heard figures but I am not sure,I use alternatives like cash or pay for health insurance,3.0,Lower monthly cost;My employer covering part or all of the cost;A better understanding of the benefits;More flexible or customisable plan,Under N$500,Doctor visits;Hospitalisation;Dental;Optical;Maternity cover,Because they're unemployed and can't afford it.,Neutral
31-35,Employed full-time,"N$10,000 - N$25,000",Rural area,Yes,No,None of the above,I have never heard of them,I have heard figures but I am not sure,My employer does not offer it,1.0,Lower monthly cost,I would not pay for it at all,Emergency cover,It is costy,Neutral
25-30,Employed full-time,"N$10,000 - N$25,000",Other urban area,No,Yes,Jade;Ruby,Somewhat positive,"Yes, I have a good idea",My employer does not offer it,5.0,Lower monthly cost;My employer covering part or all of the cost,"N$500 - N$1,000",Doctor visits;Dental;Emergency cover,"It’s 2000+ we could use more effectively, we don’t make use of medical aid until emergency strikes so we don’t see it as an investment (you barely see where your money goes). ",Positive
25-30,Employed full-time,"N$10,000 - N$25,000",Khomas Region,Yes,No,,,I have heard figures but I am not sure,,,,,Doctor visits;Hospitalisation;Emergency cover,They lack information and financial resources,Neutral
18-24,Student,"Under N$5,000",Rural area,No,No,None of the above,,I have heard figures but I am not sure,,1.0,Lower monthly cost,"N$500 - N$1,000",Doctor visits,"Unemployment and lack of funds
",Neutral
18-24,Employed part-time,"N$10,000 - N$25,000",Khomas Region,Yes,Yes,Amber Plus,Very positive,"Yes, I have a good idea",Too expensive,1.0,Lower monthly cost,"N$1,000 - N$2,000",Doctor visits;Optical,"They lack understanding 
",Neutral
18-24,Student,Prefer not to say,Other urban area,No,No,None of the above,Very positive,"No, I have no idea",I do not fully understand how it works,1.0,Other,Under N$500,Doctor visits,Because it's expensive ,Negative
31-35,Employed full-time,"N$10,000 - N$25,000",Other urban area,Yes,No,,,"No, I have no idea",,,,,Doctor visits;Hospitalisation;Dental,"due to high unemployment rates and the high cost of monthly premiums, making it unaffordable for many.",Positive
18-24,Student,"Under N$5,000",Khomas Region,No,No,,,"No, I have no idea",I am young and healthy - I do not need it yet,1.0,My employer covering part or all of the cost,"N$500 - N$1,000",Hospitalisation;Maternity cover;Mental health support,"Because of the costs.
",Neutral
18-24,Unemployed,"Under N$5,000",Other urban area,No,No,,,I have heard figures but I am not sure,On short-term contract which does not offer medical aid,3.0,My employer covering part or all of the cost;More flexible or customisable plan;A promotional offer or incentive,"N$500 - N$1,000",Doctor visits;Dental;Maternity cover;Mental health support;Emergency cover,They don't have proper funding to maintain having medical aid and as well as high unemployment rates since they'll be no source of income.,Positive
18-24,Student,Prefer not to say,Other urban area,No,Yes,None of the above,Somewhat positive,I have heard figures but I am not sure,Too expensive,1.0,Lower monthly cost;A better understanding of the benefits;More flexible or customisable plan;A promotional offer or incentive,Under N$500,Doctor visits;Hospitalisation;Emergency cover,"Most have no clear understanding of how it works and its benefits
With the situation of the economy most young people can’t afford to pay for it ",Positive
25-30,Employed full-time,"N$5,000 - N$10,000",Khomas Region,Yes,No,,,"No, I have no idea",,,,,Doctor visits;Hospitalisation;Dental;Maternity cover;Emergency cover,They don’t want to pay,Neutral
18-24,Student,Prefer not to say,Khomas Region,No,No,,,I have heard figures but I am not sure,Too expensive,1.0,My employer covering part or all of the cost;A better understanding of the benefits;A recommendation from someone I trust,Under N$500,Hospitalisation;Dental;Mental health support,"Because it is expensive for most,  especially students, and the unemployed people(youth).",Neutral
25-30,Self-employed,"Above N$20,000",Khomas Region,Yes,Yes,Topaz;Amber;Jade,Neutral,"Yes, I have a good idea",,,,,Doctor visits;Hospitalisation;Optical;Emergency cover,Young Namibians avoid medical aid because they cannot afford the cover that’s actually worth it. The more affordable medical aid covers run out before the year ends or they do not use their medical aid sufficiently & end up canceling it due to how expensive it is monthly.,Positive
25-30,Student,"Under N$5,000",Khomas Region,No,Yes,Emerald;Opal;Ruby,Neutral,I have heard figures but I am not sure,Unemployed ,3.0,Lower monthly cost,"N$500 - N$1,000",Doctor visits;Hospitalisation;Chronic medication;Dental;Optical;Maternity cover;Mental health support;Emergency cover,"Lack of the knowledge on different and available types of medical aid, lack of funds or unemployment to afford medical aid.",Positive
18-24,Student,"Under N$5,000",Khomas Region,No,Yes,,,"No, I have no idea",Too expensive,1.0,Lower monthly cost;My employer covering part or all of the cost;A better understanding of the benefits,Under N$500,Doctor visits;Hospitalisation;Chronic medication;Dental;Optical;Maternity cover;Mental health support;Emergency cover,They are not well educated about it. ,Neutral
25-30,Student,Prefer not to say,Rural area,No,No,,,"No, I have no idea",,1.0,Other,I would not pay for it at all,Doctor visits;Hospitalisation;Maternity cover,Most of them are scared of the medical costs .,Positive
18-24,Student,"N$5,000 - N$10,000",Khomas Region,No,Yes,None of the above,Neutral,I have heard figures but I am not sure,Still on my parents medical aid,,My employer covering part or all of the cost;A better understanding of the benefits;More flexible or customisable plan,"N$500 - N$1,000",Doctor visits;Hospitalisation;Optical,"I think because it is too expensive- and we don’t see it as a priority, thus also not budgeting for it. Additionally, we know little to nothing about medical aid. ",Negative
18-24,Unemployed,"Under N$5,000",Rural area,No,No,None of the above,I have never heard of them,"No, I have no idea",Unemployed ,1.0,Lower monthly cost,Under N$500,Doctor visits;Hospitalisation;Dental;Maternity cover;Emergency cover,The cost as well as accessibility is huge complication.,Positive
18-24,Student,"Under N$5,000",Other urban area,No,No,,,"No, I have no idea",I have never thought about it,1.0,Other,"N$500 - N$1,000",Doctor visits;Hospitalisation;Optical,"Because we're not well informed about it, and thinks it's very expensive",Negative
18-24,Unemployed,Prefer not to say,Khomas Region,No,Yes,Emerald;Amber;Opal;Jade;Ruby,Neutral,"Yes, I have a good idea",I use alternatives like cash or pay for health insurance,5.0,More flexible or customisable plan;A recommendation from someone I trust,"Above N$2,000",Hospitalisation;Dental;Optical;Mental health support;Emergency cover,"high costs, unable to see see it as important and beneficial (im healthy and nothing will ever happen to me mindset), uneducated/unaware on the available ones which can be affordable 🤍",Positive
18-24,Student,"Under N$5,000",Other urban area,Yes,No,,,I have heard figures but I am not sure,,,,,Doctor visits;Dental;Emergency cover,Lack of awareness ,Neutral
Prefer not to say,Employed full-time,"Above N$20,000",Khomas Region,Yes,Yes,Ruby,Somewhat positive,"Yes, I have a good idea",,,,,Hospitalisation;Mental health support;Emergency cover,"They feel it’s an unexpected deduction and it’s costly. However, employers these days do not give us options to chose whether we want it or not. ",Positive
31-35,Employed full-time,"Above N$20,000",Khomas Region,Yes,Yes,Ruby,Somewhat negative,"Yes, I have a good idea",,,,,Doctor visits;Chronic medication;Dental;Optical;Maternity cover,Expensive,Negative
31-35,Employed full-time,"N$10,000 - N$25,000",Khomas Region,Yes,Yes,Topaz,Somewhat positive,"Yes, I have a good idea",On short-term contract which does not offer medical aid,,,,Doctor visits,It’s expensive ,Negative
25-30,Employed full-time,"Above N$20,000",Khomas Region,Yes,Yes,Emerald Plus,Neutral,I have heard figures but I am not sure,,,,,Doctor visits;Hospitalisation;Maternity cover,Medical aid is too expensive in Namibia.,Negative
31-35,Employed full-time,"Above N$20,000",Khomas Region,Yes,Yes,Ruby,Neutral,"Yes, I have a good idea",,,,,Doctor visits;Dental;Mental health support,Cost of private health and general notion that they don’t need it as it is an unnecessary expense.,Negative
25-30,Student,"Under N$5,000",Other urban area,No,Yes,Ruby,Neutral,"Yes, I have a good idea",,5.0,My employer covering part or all of the cost,"N$1,000 - N$2,000",Doctor visits;Emergency cover,"Affordability. Even if employers offer to pay a percentage thereof, premiums are still mostly unaffordable. ",Positive
25-30,Employed full-time,"N$10,000 - N$25,000",Rural area,Yes,Yes,None of the above,I have never heard of them,"Yes, I have a good idea",,,,,Doctor visits;Chronic medication;Emergency cover,"They are scared of how much it might cost them to use it.
",Positive
18-24,Unemployed,Prefer not to say,Other urban area,No,No,,,I have heard figures but I am not sure,I do not fully understand how it works;I have never thought about it,1.0,Lower monthly cost;My employer covering part or all of the cost;A better understanding of the benefits;Other,I would not pay for it at all,Dental;Optical;Mental health support,"Unemployment and/or no way to pay for or afford it monthly. Not understanding what it entails, the importance and how it works.",Neutral
25-30,Student,Prefer not to say,Rural area,No,No,,,"No, I have no idea",,,,Under N$500,Chronic medication;Maternity cover;Mental health support,They can afford at all,Neutral
25-30,Unemployed,"Under N$5,000",Khomas Region,No,No,,,"No, I have no idea",,,,,Doctor visits;Dental;Maternity cover,High cost ,Positive
18-24,Student,"Under N$5,000",Khomas Region,No,No,None of the above,I have never heard of them,I have heard figures but I am not sure,Too expensive;I do not fully understand how it works,3.0,Lower monthly cost;A better understanding of the benefits;More flexible or customisable plan,Under N$500,Dental;Maternity cover;Mental health support;Emergency cover,Probably because it’s too expensive or thei income is too little so far those I’ve met are only on it because parents pay for it,Negative
25-30,Employed full-time,"N$5,000 - N$10,000",Khomas Region,Yes,Yes,None of the above,Neutral,I have heard figures but I am not sure,,,,,Doctor visits;Dental;Optical,It’s costly ,Neutral
25-30,Employed full-time,"Above N$20,000",Other urban area,Yes,Yes,None of the above,Very positive,"No, I have no idea",I have,,Other,"N$1,000 - N$2,000",Doctor visits,It’s pricey ,Neutral
18-24,Self-employed,"Above N$20,000",Other urban area,No,No,,Very positive,"No, I have no idea",I do not fully understand how it works,1.0,A better understanding of the benefits,Under N$500,Doctor visits,"Deductions ,",Neutral
25-30,Employed full-time,Prefer not to say,Khomas Region,No,Yes,Topaz;Topaz Plus;Emerald;Amber;Jade;Ruby,Very positive,I have heard figures but I am not sure,Too expensive;My employer does not offer it;,5.0,Lower monthly cost;My employer covering part or all of the cost;More flexible or customisable plan,Under N$500,Doctor visits;Hospitalisation;Chronic medication;Dental;Optical;Mental health support,Medical aid that offeres benefits that are useful is very expensive and if you get a cheaper plan you end up paying a lot of copayments and covering most treatments cash which is why people prefer to use cash or opt for public hospitals ,Positive
18-24,Unemployed,"Under N$5,000",Other urban area,No,Yes,Topaz;Topaz Plus;Emerald;Amber;Opal;Jade;Ruby;Emerald Plus;Amber Plus,Neutral,"No, I have no idea",On short-term contract which does not offer medical aid,5.0,A better understanding of the benefits,"N$1,000 - N$2,000",Doctor visits;Dental;Maternity cover;Emergency cover,"Because some can’t afford, and some believe it is not needed due to low chances of hospitalization or being in the status of being healthy. I think it’s basically that mindset.",Positive
31-35,Unemployed,Prefer not to say,Other urban area,No,No,None of the above,I have never heard of them,"No, I have no idea",I have never thought about it,5.0,A promotional offer or incentive,I would not pay for it at all,Mental health support,Majority  are not educated about it enough,Neutral
25-30,Employed full-time,"Above N$20,000",Other urban area,Yes,Yes,Topaz;Topaz Plus;Opal;Jade;Ruby,Somewhat negative,"Yes, I have a good idea",,,,,Doctor visits;Hospitalisation;Emergency cover,"It does not seem worth it to everyone. If you don’t have kids, or have a chronic health issue, I don’t think you are getting your money’s worth.",Positive
31-35,Employed full-time,Prefer not to say,Khomas Region,Yes,Yes,Jade,Neutral,"Yes, I have a good idea",,,,,Doctor visits;Hospitalisation;Chronic medication,To expensive ,Negative
31-35,Employed full-time,"Above N$20,000",Other urban area,Yes,Yes,Emerald;Emerald Plus,Somewhat positive,"Yes, I have a good idea",,,,,Doctor visits;Hospitalisation;Dental;Emergency cover,They don’t have a high enough disposable income. ,Positive
25-30,Employed full-time,"N$5,000 - N$10,000",Khomas Region,Yes,Yes,Amber,Very positive,I have heard figures but I am not sure,,5.0,A better understanding of the benefits,"N$500 - N$1,000",Doctor visits;Hospitalisation;Chronic medication;Dental;Optical;Maternity cover;Mental health support;Emergency cover,Expensive ,Negative
25-30,Employed full-time,"N$10,000 - N$25,000",Khomas Region,Yes,Yes,Topaz;Topaz Plus;Emerald;Amber;Opal;Jade;Ruby;Emerald Plus;Amber Plus;None of the above,Neutral,"Yes, I have a good idea",,,,,Doctor visits;Hospitalisation;Chronic medication;Dental;Optical;Maternity cover;Mental health support;Emergency cover,"To save on money and to avoid the responsibility  of having one. They would rather go to state hospitals or clinics than to pay expensive for a medical aid, cause they reason they hardly use it to pay so expensive. ",Negative
25-30,Unemployed,"N$10,000 - N$25,000",Khomas Region,Yes,Maybe,,I have never heard of them,I have heard figures but I am not sure,,5.0,,,Chronic medication;Dental;Emergency cover,Expensive,Negative
31-35,Employed full-time,"N$10,000 - N$25,000",Khomas Region,Yes,Yes,Topaz,Neutral,I have heard figures but I am not sure,,,,,Doctor visits;Hospitalisation;Chronic medication;Dental;Optical;Maternity cover;Mental health support;Emergency cover,It is too costly and they think they do not need it. ,Neutral
25-30,Employed full-time,"N$5,000 - N$10,000",Khomas Region,No,Yes,Topaz;Topaz Plus;Emerald,Somewhat positive,I have heard figures but I am not sure,Too expensive;My employer does not offer it,4.0,Lower monthly cost;My employer covering part or all of the cost;A better understanding of the benefits;More flexible or customisable plan;A promotional offer or incentive,"N$500 - N$1,000",Doctor visits;Hospitalisation;Chronic medication;Dental;Optical;Maternity cover;Mental health support;Emergency cover,There is not information out there about it and most can not afford it ,Positive
31-35,Employed full-time,"Above N$20,000",Khomas Region,Yes,Yes,None of the above,Neutral,"Yes, I have a good idea",,,,,Doctor visits;Hospitalisation;Emergency cover,"Cost, ",Neutral
25-30,Unemployed,"Under N$5,000",Khomas Region,No,No,,,"No, I have no idea",I have never thought about it,5.0,A better understanding of the benefits,Under N$500,Doctor visits,Because we think its only for employed people.,Neutral
31-35,Self-employed,"N$10,000 - N$25,000",Khomas Region,No,Yes,None of the above,Neutral,I have heard figures but I am not sure,Too expensive,3.0,Lower monthly cost,Under N$500,Doctor visits;Hospitalisation;Chronic medication;Emergency cover,"It’s too expensive and the costs that come after medical aid pays, more like excess fees. Private doctors are too expensive and they apparently add unnecessary costs to claim more.",Negative
31-35,Employed full-time,"Above N$20,000",Khomas Region,Yes,Yes,Ruby,,"Yes, I have a good idea",,,,,Doctor visits;Hospitalisation;Maternity cover,Lack of funds and understanding. Some people believe it’s a waste of money as they hardly get sick ,Negative
18-24,Unemployed,"Under N$5,000",Other urban area,No,No,,,I have heard figures but I am not sure,,5.0,A promotional offer or incentive,"N$500 - N$1,000",Doctor visits;Hospitalisation;Emergency cover,It’s expensive ,Negative
31-35,Employed full-time,"Above N$20,000",Khomas Region,Yes,Yes,Emerald;Jade;Ruby,Somewhat positive,I have heard figures but I am not sure,,,,,Doctor visits;Hospitalisation;Emergency cover,Too much cost without using it everytime ,Positive
25-30,Unemployed,"Under N$5,000",Khomas Region,No,No,,,I have heard figures but I am not sure,Too expensive,1.0,Lower monthly cost,Under N$500,Doctor visits;Dental;Mental health support;Emergency cover,Many young Namibians avoid medical aid because monthly contributions feel expensive relative to their income and other priorities. They also often believe they don’t need coverage while they are still young and healthy.,Positive
25-30,Self-employed,"N$10,000 - N$25,000",Other urban area,No,Yes,Emerald;Ruby,Neutral,I have heard figures but I am not sure,Too expensive,5.0,Lower monthly cost;More flexible or customisable plan,"Above N$2,000",Hospitalisation;Maternity cover;Mental health support,Unemployed. ,Neutral
25-30,Self-employed,"N$5,000 - N$10,000",Khomas Region,No,Yes,None of the above,Neutral,I have heard figures but I am not sure,I use alternatives like cash or pay for health insurance;,2.0,More flexible or customisable plan,Under N$500,Hospitalisation;Dental;Emergency cover,They are unemployed and majority simply can’t afford it. ,Neutral
25-30,Self-employed,"Under N$5,000",Other urban area,No,Yes,Emerald,Somewhat positive,I have heard figures but I am not sure,My employer does not offer it,4.0,More flexible or customisable plan,Under N$500,Doctor visits;Maternity cover;Emergency cover,The do not full understand ,Negative
25-30,Employed full-time,"N$10,000 - N$25,000",Khomas Region,Yes,Yes,Topaz;Topaz Plus;Emerald;Amber;Opal;Jade;Ruby;Emerald Plus;Amber Plus,Neutral,"Yes, I have a good idea",,,,,Doctor visits;Hospitalisation;Dental;Maternity cover;Mental health support;Emergency cover,It is expensive to some especially those who feel they do not get sick as often ,Negative
25-30,Employed full-time,"Above N$20,000",Khomas Region,Yes,Yes,Topaz;Topaz Plus;Jade;Ruby,Somewhat positive,I have heard figures but I am not sure,,,,,Doctor visits;Hospitalisation;Chronic medication;Dental;Maternity cover;Mental health support;Emergency cover,They only consider it when they fall ill and not part of their financial planning for the future.,Negative
25-30,Employed full-time,"N$5,000 - N$10,000",Khomas Region,Yes,Yes,Topaz;Topaz Plus;Emerald;Amber;Jade;Ruby,Somewhat positive,I have heard figures but I am not sure,,,,,Doctor visits;Chronic medication;Emergency cover,It's too expensive,Negative
18-24,Student,Prefer not to say,Khomas Region,Yes,No,,,I have heard figures but I am not sure,,,,,Hospitalisation;Dental;Emergency cover,They either can't afford it or they have no idea how to apply for medical aid,Neutral
31-35,Employed full-time,"Above N$20,000",Khomas Region,Yes,Yes,Topaz;Ruby,Very positive,"Yes, I have a good idea",,,My employer covering part or all of the cost,"N$1,000 - N$2,000",Hospitalisation;Maternity cover;Emergency cover,It is too costly.,Neutral
25-30,Self-employed,"N$5,000 - N$10,000",Khomas Region,No,Maybe,,,"No, I have no idea",Too expensive,4.0,Lower monthly cost;A better understanding of the benefits;More flexible or customisable plan,Under N$500,Doctor visits;Hospitalisation;Maternity cover;Emergency cover,Honestly we think it'd expensive we were also never educated on thing like medical aid ,Positive
31-35,Unemployed,Prefer not to say,Khomas Region,No,Yes,Ruby,,"Yes, I have a good idea",I just lost my job so don’t have money for it,3.0,Other,"Above N$2,000",Doctor visits;Hospitalisation;Chronic medication;Dental;Optical;Maternity cover,They can’t afford it. They feel like they will pay when the get sick cause the are healthy ,Negative
18-24,Employed full-time,"Under N$5,000",Khomas Region,No,No,,,I have heard figures but I am not sure,Too expensive;I do not fully understand how it works;My employer does not offer it,3.0,Lower monthly cost;A better understanding of the benefits;More flexible or customisable plan;A promotional offer or incentive,Under N$500,Doctor visits;Hospitalisation;Chronic medication;Dental;Mental health support;Emergency cover,"Due to it being too expensive 
And not all workplaces offer medical aid",Negative
25-30,Employed full-time,"N$5,000 - N$10,000",Khomas Region,No,No,,,I have heard figures but I am not sure,Too expensive,1.0,Lower monthly cost,Under N$500,Hospitalisation;Dental;Maternity cover,Because of the cost and companies that doesn’t provide it.,Neutral
25-30,Employed full-time,"N$10,000 - N$25,000",Other urban area,No,Yes,Amber,Neutral,I have heard figures but I am not sure,Too expensive,4.0,My employer covering part or all of the cost,"N$1,000 - N$2,000",Dental;Optical;Emergency cover,"It’s not that they avoid it, they just don’t know a lot about it.",Neutral
25-30,Employed part-time,"N$5,000 - N$10,000",Khomas Region,No,No,,,"No, I have no idea",Too expensive;I do not fully understand how it works;My employer does not offer it,3.0,Lower monthly cost;A better understanding of the benefits;More flexible or customisable plan;A promotional offer or incentive,Under N$500,Doctor visits;Dental;Mental health support,Because it’s not widely marketed and explained. Available plans do not cater to low income or self employed young Namibians. It’s very exclusive ,Positive
31-35,Employed full-time,"N$10,000 - N$25,000",Khomas Region,Yes,Yes,Ruby,Neutral,"Yes, I have a good idea",,,,,Doctor visits;Hospitalisation;Dental;Emergency cover,Cos it’s too expensive ,Negative
25-30,Self-employed,Prefer not to say,Other urban area,No,No,,,"No, I have no idea",Too expensive;I use alternatives like cash or pay for health insurance,5.0,Other,Under N$500,Doctor visits;Maternity cover;Emergency cover,The monthly salary they are getting is low.The economy is low some people are not working ,Neutral
31-35,Unemployed,Prefer not to say,Khomas Region,No,No,,,I have heard figures but I am not sure,On short-term contract which does not offer medical aid,3.0,A better understanding of the benefits,Under N$500,Doctor visits;Hospitalisation;Emergency cover,Because sometimes they can’t afford to pay for medical expenses or recruited by organizations that don’t offer medical insurances.,Neutral
31-35,Self-employed,"Under N$5,000",Other urban area,No,Yes,None of the above,Neutral,I have heard figures but I am not sure,I have never thought about it,3.0,A better understanding of the benefits,Under N$500,Doctor visits;Hospitalisation;Chronic medication,Dont understand the importance of having it,Neutral
31-35,Employed full-time,"N$10,000 - N$25,000",Rural area,Yes,Yes,Ruby,I have never heard of them,I have heard figures but I am not sure,,,,,Hospitalisation;Maternity cover;Emergency cover,To avoid medical aid deduction ,Neutral
25-30,Unemployed,"Under N$5,000",Rural area,No,No,,,"No, I have no idea",I do not fully understand how it works,1.0,A better understanding of the benefits,"Above N$2,000",Doctor visits,T avoid payments,Neutral
31-35,Employed full-time,"Above N$20,000",Khomas Region,Yes,Yes,Topaz;Topaz Plus;Emerald;Amber;Opal;Jade;Ruby;Emerald Plus;Amber Plus,Somewhat positive,I have heard figures but I am not sure,,,,,Doctor visits;Hospitalisation;Emergency cover,Very expensive ,Negative
31-35,Employed full-time,"N$10,000 - N$25,000",Khomas Region,Yes,Yes,Topaz;Topaz Plus;Emerald;Amber;Opal;Jade;Ruby;Emerald Plus;Amber Plus,Neutral,"Yes, I have a good idea",,,Lower monthly cost,"N$1,000 - N$2,000",Doctor visits;Hospitalisation;Maternity cover;Mental health support;Emergency cover,Its expensive. And benefits are not fully explained in LAME MANS TERMS,Negative
25-30,Unemployed,Prefer not to say,Khomas Region,No,No,,I have never heard of them,"No, I have no idea",Too expensive,1.0,A better understanding of the benefits,Under N$500,Hospitalisation;Chronic medication;Dental;Maternity cover;Emergency cover,It is expensive ,Negative
25-30,Unemployed,Prefer not to say,Khomas Region,No,No,,I have never heard of them,"No, I have no idea",Too expensive,1.0,A better understanding of the benefits,Under N$500,Hospitalisation;Chronic medication;Dental;Maternity cover;Emergency cover,It is expensive ,Negative
25-30,Self-employed,"Above N$20,000",Khomas Region,Yes,Yes,Ruby,Neutral,"Yes, I have a good idea",,,,,Doctor visits;Optical;Emergency cover,High premium payments ,Positive
25-30,Employed full-time,"N$5,000 - N$10,000",Other urban area,No,No,None of the above,I have never heard of them,I have heard figures but I am not sure,Too expensive;My employer does not offer it,1.0,My employer covering part or all of the cost;A promotional offer or incentive,"N$500 - N$1,000",Doctor visits;Hospitalisation;Dental,It’s expensive and the medical aids that are of low prices only covers certain medical aid then you still need to top up from your end,Positive
31-35,Employed full-time,"Above N$20,000",Other urban area,Yes,No,,,"Yes, I have a good idea",,,,,Dental;Optical;Emergency cover,Expensive ,Negative
25-30,Employed full-time,"Above N$20,000",Khomas Region,Yes,Yes,Topaz;Topaz Plus;Emerald;Amber;Opal;Jade;Ruby;Emerald Plus;Amber Plus,Somewhat positive,"Yes, I have a good idea",,,,,Doctor visits;Hospitalisation;Chronic medication;Dental;Mental health support;Emergency cover,"A good majority of young Namibians are unemployed, the person worried about where they’ll obtain their next meal from won’t concern themselves with medical aid if their basic health issues can be attended to at a public hospital.",Positive
18-24,Employed full-time,"Above N$20,000",Khomas Region,Yes,Yes,Topaz;Topaz Plus;Emerald;Amber;Opal;Jade;Ruby;Emerald Plus;Amber Plus,Somewhat positive,"Yes, I have a good idea",,,,,Hospitalisation;Maternity cover;Emergency cover,The benefits we get for the high monthly fees we pay do not make sense. Most people would rather save that money in a different account and use it in an emergency.,Positive
25-30,Student,"Under N$5,000",Other urban area,No,No,None of the above,,I have heard figures but I am not sure,Too expensive,2.0,Lower monthly cost;My employer covering part or all of the cost,Under N$500,Doctor visits;Dental;Optical;Maternity cover;Mental health support;Emergency cover,"It’s expensive and does not always cover all necessities, making it quite pointless paying for it.",Negative
25-30,Employed full-time,"Above N$20,000",Khomas Region,No,Yes,Emerald Plus,Somewhat negative,"Yes, I have a good idea",On short-term contract which does not offer medical aid,3.0,More flexible or customisable plan,"N$1,000 - N$2,000",Doctor visits;Hospitalisation;Dental;Optical;Maternity cover;Emergency cover,They can’t afford and the affordable option have very limited benefits.,Negative
25-30,Employed full-time,"N$10,000 - N$25,000",Khomas Region,Yes,No,None of the above,I have never heard of them,"Yes, I have a good idea",,,,,Doctor visits;Chronic medication;Optical,Avoid paying an extra cost ,Neutral
25-30,Unemployed,"Under N$5,000",Khomas Region,No,Yes,Opal;Jade;Ruby;Emerald Plus,Somewhat positive,"Yes, I have a good idea",On short-term contract which does not offer medical aid,5.0,A promotional offer or incentive,"N$1,000 - N$2,000",Doctor visits;Hospitalisation;Chronic medication;Dental;Maternity cover;Emergency cover,It is expensive ,Negative
25-30,Employed full-time,"N$10,000 - N$25,000",Khomas Region,Yes,Yes,Emerald;Jade;Ruby,Somewhat positive,"Yes, I have a good idea",,,,"N$500 - N$1,000",Doctor visits;Hospitalisation;Chronic medication;Dental;Maternity cover,It’s expensive ,Negative
18-24,Student,"Under N$5,000",Khomas Region,No,No,,,I have heard figures but I am not sure,Too expensive,3.0,Lower monthly cost;My employer covering part or all of the cost;A better understanding of the benefits;More flexible or customisable plan;A recommendation from someone I trust,"N$500 - N$1,000",Doctor visits;Optical;Maternity cover;Mental health support;Emergency cover,Lack of education/awareness when it comes to medical aid ,Neutral
25-30,Employed full-time,"N$5,000 - N$10,000",Other urban area,No,Yes,Topaz;Topaz Plus;Emerald;Amber;Opal;Jade;Ruby;Emerald Plus;Amber Plus,Neutral,"Yes, I have a good idea",Too expensive;My employer does not offer it,3.0,Lower monthly cost,Under N$500,Doctor visits;Hospitalisation;Dental;Optical,Infaltion on prices makes it difficult for you g namibians to stay affloat and afford basic living ,Negative
18-24,Student,"Under N$5,000",Khomas Region,No,No,,,I have heard figures but I am not sure,Too expensive,1.0,Lower monthly cost,Under N$500,Doctor visits,They can't afford to get one ,Neutral
31-35,Employed full-time,"Above N$20,000",Other urban area,Yes,Yes,None of the above,Neutral,"Yes, I have a good idea",,,,,Hospitalisation;Maternity cover;Emergency cover,Costs,Neutral
31-35,Employed full-time,"N$10,000 - N$25,000",Khomas Region,Yes,Yes,Topaz;Topaz Plus;Emerald;Amber;Opal;Jade;Ruby;Emerald Plus;Amber Plus;None of the above,Very positive,"Yes, I have a good idea",,,,,Doctor visits;Hospitalisation;Chronic medication;Emergency cover,"It is way too expensive and big co-payments for meds, visits and treatments.",Negative
25-30,Unemployed,"Under N$5,000",Khomas Region,No,No,None of the above,,"No, I have no idea",Unemployed ,3.0,Other,Under N$500,Emergency cover,Because They’re Unemployed ,Neutral
18-24,Employed full-time,"N$5,000 - N$10,000",Other urban area,No,Maybe,None of the above,,"No, I have no idea",Too expensive;I do not fully understand how it works;My employer does not offer it,1.0,Lower monthly cost;A better understanding of the benefits;A recommendation from someone I trust,"N$500 - N$1,000",Doctor visits;Emergency cover,Lack of information ,Neutral
